Date,Year,Month,Global Temperature Anomalies,Nino 1+2 SST,Nino 1+2 SST Anomalies,Nino 3 SST,Nino 3 SST Anomalies,Nino 3.4 SST,Nino 3.4 SST Anomalies,Nino 4 SST,Nino 4 SST Anomalies,TNI,PNA,OLR,SOI,Season (2-Month),MEI.v2,Season (3-Month),ONI,Season (12-Month),ENSO Phase-Intensity
01/01/82,1982,JAN,0.11,24.28,-0.24,25.84,0.17,26.65,0.08,28.01,-0.21,-1.067,-1.75,0.9,1.2,DJ,-0.4,DJF,-0.1,1982-1983,VSE
02/01/82,1982,FEB,0.21,25.38,-0.72,26.26,-0.11,26.54,-0.2,27.99,-0.11,-1.466,-1.2,0.1,0.3,JF,-0.6,JFM,0.1,1982-1983,VSE
03/01/82,1982,MAR,0.11,25.22,-1.38,26.92,-0.25,27.09,-0.14,28.18,-0.05,-1.922,-1.66,-0.6,0.6,FM,-0.3,FMA,0.2,1982-1983,VSE
04/01/82,1982,APR,0.21,24.57,-1.16,27.52,-0.05,27.83,0.02,28.61,0.1,-2.359,-2.08,0,0.1,MA,0.1,MAM,0.5,1982-1983,VSE
05/01/82,1982,MAY,0.18,24,-0.62,27.7,0.49,28.37,0.49,29.19,0.4,-2.364,-0.53,0.4,-0.3,AM,0.7,AMJ,0.7,1982-1983,VSE
06/01/82,1982,JUN,0.15,22.88,-0.29,27.1,0.46,28.35,0.65,29.46,0.62,-1.924,2.17,-0.2,-1,MJ,1.4,MJJ,0.7,1982-1983,VSE
07/01/82,1982,JUL,0.18,22.07,0.24,26.14,0.27,27.57,0.27,28.76,-0.02,-1.418,0.49,-1.2,-1.5,JJ,1.9,JJA,0.8,1982-1983,VSE
08/01/82,1982,AUG,0.15,21.71,0.85,26.05,0.83,27.76,0.86,28.7,0.01,-0.811,0.31,-1.6,-1.7,JA,1.9,JAS,1.1,1982-1983,VSE
09/01/82,1982,SEP,0.23,21.91,1.33,26.5,1.49,28.01,1.24,28.91,0.24,0.196,0.83,-1.4,-1.7,AS,1.7,ASO,1.6,1982-1983,VSE
10/01/82,1982,OCT,0.18,22.67,1.8,27.04,1.96,28.5,1.73,29.11,0.43,0.981,-0.86,-1.8,-1.7,SO,1.9,SON,2,1982-1983,VSE
11/01/82,1982,NOV,0.12,24.4,2.78,27.39,2.19,28.5,1.68,28.85,0.18,1.44,-0.47,-2,-2.6,ON,2.3,OND,2.2,1982-1983,VSE
12/01/82,1982,DEC,0.4,25.73,2.89,28.07,2.8,28.85,2.21,28.81,0.36,1.683,0.45,-0.9,-2.2,ND,2.5,NDJ,2.2,1982-1983,VSE
01/01/83,1983,JAN,0.51,26.82,2.3,28.37,2.69,28.7,2.13,28.63,0.41,1.822,0.87,-1.5,-3.5,DJ,2.6,DJF,2.2,1983-1984,WL
02/01/83,1983,FEB,0.46,27.65,1.55,28.39,2.01,28.54,1.81,28.51,0.41,1.991,1.44,-0.7,-3.6,JF,2.7,JFM,1.9,1983-1984,WL
03/01/83,1983,MAR,0.44,28.34,1.73,28.48,1.32,28.45,1.22,28.59,0.37,2.282,2.03,0.1,-2.4,FM,2.7,FMA,1.5,1983-1984,WL
04/01/83,1983,APR,0.25,28.1,2.37,28.76,1.19,28.49,0.68,28.49,-0.02,2.929,0.98,0.3,-0.9,MA,2.7,MAM,1.3,1983-1984,WL
05/01/83,1983,MAY,0.29,27.87,3.26,28.64,1.43,28.56,0.68,28.97,0.18,3.734,-0.08,-0.8,0.6,AM,2.6,AMJ,1.1,1983-1984,WL
06/01/83,1983,JUN,0.3,27.2,4.03,28.09,1.45,28.16,0.45,28.78,-0.06,4.227,2.1,-0.9,0,MJ,1.6,MJJ,0.7,1983-1984,WL
07/01/83,1983,JUL,0.3,25.69,3.85,26.56,0.68,26.97,-0.33,28.46,-0.32,4.143,0.82,-1,-0.6,JJ,0.9,JJA,0.3,1983-1984,WL
08/01/83,1983,AUG,0.36,23.73,2.88,25.77,0.55,26.46,-0.44,28.2,-0.49,3.867,0.5,-0.1,0.1,JA,0,JAS,-0.1,1983-1984,WL
09/01/83,1983,SEP,0.34,22.16,1.58,25.21,0.2,26.38,-0.38,28.06,-0.62,3.183,-1.37,-0.1,0.9,AS,-0.4,ASO,-0.5,1983-1984,WL
10/01/83,1983,OCT,0.23,21.98,1.11,24.56,-0.52,25.75,-1.02,27.67,-1.02,2.462,0.26,0.3,0.4,SO,-0.4,SON,-0.8,1983-1984,WL
11/01/83,1983,NOV,0.37,22.01,0.38,24.16,-1.03,25.53,-1.29,27.67,-1.01,1.814,1.75,0.2,-0.1,ON,-0.4,OND,-1,1983-1984,WL
12/01/83,1983,DEC,0.27,22.95,0.11,24.39,-0.88,25.49,-1.16,27.48,-0.97,1.411,-0.61,1.1,0,ND,-0.4,NDJ,-0.9,1983-1984,WL
01/01/84,1984,JAN,0.31,24.35,-0.16,24.8,-0.87,25.6,-0.96,27.41,-0.81,1.08,0.6,1.7,0.2,DJ,-0.4,DJF,-0.6,1984-1985,WL
02/01/84,1984,FEB,0.22,25.23,-0.87,26.41,0.03,26.57,-0.16,27.26,-0.84,0.907,0.73,1.9,0.9,JF,-0.4,JFM,-0.4,1984-1985,WL
03/01/84,1984,MAR,0.28,25.72,-0.88,26.88,-0.28,26.71,-0.52,27.32,-0.91,0.603,1.08,1.2,-0.2,FM,-0.1,FMA,-0.3,1984-1985,WL
04/01/84,1984,APR,0.13,25.28,-0.45,27.28,-0.29,27.27,-0.54,27.54,-0.97,0.369,1.41,1.1,0.3,MA,-0.1,MAM,-0.4,1984-1985,WL
05/01/84,1984,MAY,0.31,23.44,-1.17,26.38,-0.84,27.19,-0.69,27.94,-0.85,0.148,0.37,0.7,0.2,AM,-0.8,AMJ,-0.5,1984-1985,WL
06/01/84,1984,JUN,0.17,22.21,-0.97,25.36,-1.29,26.68,-1.03,28.04,-0.81,-0.183,-0.36,0.5,-0.3,MJ,-0.7,MJJ,-0.5,1984-1985,WL
07/01/84,1984,JUL,0.16,21.15,-0.69,25.04,-0.83,26.62,-0.68,28.34,-0.45,-0.516,-2.61,0.1,0.2,JJ,-0.2,JJA,-0.3,1984-1985,WL
08/01/84,1984,AUG,0.19,20.28,-0.57,24.64,-0.58,26.36,-0.54,28.04,-0.65,-0.536,-1.14,0.2,0.4,JA,0,JAS,-0.2,1984-1985,WL
09/01/84,1984,SEP,0.2,20.2,-0.38,24.72,-0.29,26.35,-0.41,28.22,-0.45,-0.277,-0.02,0.3,0.1,AS,-0.1,ASO,-0.2,1984-1985,WL
10/01/84,1984,OCT,0.2,20.45,-0.43,24.18,-0.9,26.02,-0.75,28.02,-0.67,0.186,-0.53,0.2,-0.3,SO,0,SON,-0.6,1984-1985,WL
11/01/84,1984,NOV,0.1,21.42,-0.21,24.15,-1.05,25.52,-1.3,27.92,-0.75,0.207,0.39,-0.2,0.3,ON,-0.6,OND,-0.9,1984-1985,WL
12/01/84,1984,DEC,0.06,22.62,-0.21,23.89,-1.37,25.16,-1.48,27.45,-1,0.255,-1.9,0.1,-0.1,ND,-0.3,NDJ,-1.1,1984-1985,WL
01/01/85,1985,JAN,0.28,23.59,-0.93,24.28,-1.39,25.26,-1.3,27.39,-0.83,0.366,1.44,0.2,-0.3,DJ,-0.3,DJF,-1,1985-1986,N
02/01/85,1985,FEB,0.07,24.79,-1.3,25.24,-1.14,25.81,-0.92,27.53,-0.57,0.147,-0.99,1.2,1.2,JF,-0.6,JFM,-0.9,1985-1986,N
03/01/85,1985,MAR,0.24,25.66,-0.95,26.21,-0.96,26.35,-0.89,27.23,-0.99,-0.506,-1.19,-0.7,0.8,FM,-0.5,FMA,-0.8,1985-1986,N
04/01/85,1985,APR,0.12,24.3,-1.43,26.64,-0.94,26.71,-1.1,27.42,-1.09,-0.572,-1.27,0.8,1.2,MA,-0.7,MAM,-0.8,1985-1986,N
05/01/85,1985,MAY,0.22,22.72,-1.89,25.99,-1.22,26.81,-1.08,27.71,-1.08,-0.762,-0.82,1.1,0.4,AM,-1,AMJ,-0.8,1985-1986,N
06/01/85,1985,JUN,0.16,21.83,-1.35,25.45,-1.19,26.63,-1.08,27.88,-0.96,-1.244,1.28,0.5,-0.4,MJ,-0.2,MJJ,-0.6,1985-1986,N
07/01/85,1985,JUL,0.1,20.46,-1.37,24.73,-1.14,26.5,-0.8,28.05,-0.74,-1.452,-0.19,0.3,-0.1,JJ,0,JJA,-0.5,1985-1986,N
08/01/85,1985,AUG,0.15,19.6,-1.26,24.24,-0.98,26.27,-0.63,28.09,-0.6,-1.337,-0.53,0.4,1,JA,-0.4,JAS,-0.5,1985-1986,N
09/01/85,1985,SEP,0.16,19.23,-1.35,24.04,-0.97,25.99,-0.77,28.08,-0.6,-1.499,-0.63,0,0,AS,-0.3,ASO,-0.4,1985-1986,N
10/01/85,1985,OCT,0.15,19.76,-1.11,24.11,-0.98,26.03,-0.74,28.11,-0.57,-1.379,-1.5,0.2,-0.4,SO,0.1,SON,-0.4,1985-1986,N
11/01/85,1985,NOV,0.14,20.83,-0.79,24.29,-0.91,26.23,-0.59,28.3,-0.37,-0.95,-1.83,-0.1,-0.2,ON,0.1,OND,-0.3,1985-1986,N
12/01/85,1985,DEC,0.17,22.34,-0.5,24.39,-0.88,26.05,-0.59,28.1,-0.34,-0.623,1.08,0.1,0.2,ND,-0.4,NDJ,-0.4,1985-1986,N
01/01/86,1986,JAN,0.23,24.5,-0.02,24.8,-0.87,25.84,-0.72,27.7,-0.52,-0.564,0.6,0.2,1,DJ,-0.4,DJF,-0.5,1986-1987,ME
02/01/86,1986,FEB,0.38,25.88,-0.22,25.8,-0.58,25.95,-0.78,27.73,-0.37,-0.458,0.41,0.9,-1,JF,-0.3,JFM,-0.5,1986-1987,ME
03/01/86,1986,MAR,0.33,25.91,-0.69,26.74,-0.42,26.64,-0.6,27.94,-0.29,-0.515,0.51,1.1,0.5,FM,-0.4,FMA,-0.3,1986-1987,ME
04/01/86,1986,APR,0.27,24.82,-0.91,27.04,-0.53,27.29,-0.52,27.83,-0.68,-0.968,-0.15,0.4,0.3,MA,-0.3,MAM,-0.2,1986-1987,ME
05/01/86,1986,MAY,0.35,23.34,-1.27,26.44,-0.77,27.32,-0.56,28.35,-0.44,-1.395,-0.03,0.4,-0.2,AM,0.2,AMJ,-0.1,1986-1987,ME
06/01/86,1986,JUN,0.21,22.16,-1.02,26.15,-0.49,27.38,-0.33,28.6,-0.24,-1.529,0.39,-0.2,1,MJ,0.6,MJJ,0,1986-1987,ME
07/01/86,1986,JUL,0.13,21.22,-0.61,25.78,-0.09,27.26,-0.04,28.5,-0.29,-1.727,-0.35,-0.2,0.3,JJ,0.8,JJA,0.2,1986-1987,ME
08/01/86,1986,AUG,0.14,20.72,-0.14,25.12,-0.1,27.09,0.19,28.68,-0.01,-1.86,-1.49,0.2,-0.4,JA,1.2,JAS,0.4,1986-1987,ME
09/01/86,1986,SEP,0.03,20.47,-0.11,25.3,0.29,27.16,0.4,28.83,0.15,-1.769,-0.28,-1,-0.5,AS,1.4,ASO,0.7,1986-1987,ME
10/01/86,1986,OCT,0.18,21,0.12,25.43,0.34,27.28,0.51,28.91,0.23,-1.689,1.18,-0.8,0.6,SO,0.6,SON,0.9,1986-1987,ME
11/01/86,1986,NOV,0.13,21.62,-0.01,25.74,0.54,27.36,0.54,28.97,0.3,-1.616,-0.71,-1.5,-1.2,ON,0.7,OND,1.1,1986-1987,ME
12/01/86,1986,DEC,0.16,22.96,0.12,25.86,0.6,27.47,0.82,28.64,0.19,-1.322,1.06,-2.4,-1.4,ND,1.1,NDJ,1.2,1986-1987,ME
01/01/87,1987,JAN,0.3,25.06,0.54,26.48,0.81,27.51,0.94,28.48,0.26,-0.98,0.63,-2.3,-0.7,DJ,1,DJF,1.2,1987-1988,SE
02/01/87,1987,FEB,0.36,26.75,0.66,27.16,0.78,27.55,0.82,28.41,0.31,-0.584,0.57,-2.3,-1.2,JF,1.1,JFM,1.2,1987-1988,SE
03/01/87,1987,MAR,0.15,27.54,0.94,27.96,0.8,28.12,0.89,28.7,0.47,-0.221,0.85,-1.3,-1.3,FM,1.5,FMA,1.1,1987-1988,SE
04/01/87,1987,APR,0.21,26.6,0.87,28.14,0.57,28.25,0.45,28.77,0.26,-0.192,1.54,-1.3,-1.4,MA,1.6,MAM,1,1987-1988,SE
05/01/87,1987,MAY,0.33,25.45,0.84,27.83,0.62,28.2,0.32,28.85,0.06,-0.289,-1.02,-1.9,-1.3,AM,1.9,AMJ,1,1987-1988,SE
06/01/87,1987,JUN,0.39,23.83,0.66,27.15,0.51,28.42,0.72,29.18,0.34,-0.497,0.56,-1.2,-1.1,MJ,1.8,MJJ,1.2,1987-1988,SE
07/01/87,1987,JUL,0.46,22.53,0.7,26.87,0.99,28.34,1.04,29.08,0.29,-0.835,-0.43,-2.2,-1.4,JJ,1.7,JJA,1.5,1987-1988,SE
08/01/87,1987,AUG,0.34,21.58,0.72,26.28,1.06,28.1,1.2,29.04,0.35,-1.008,0.74,-1.6,-0.9,JA,1.5,JAS,1.7,1987-1988,SE
09/01/87,1987,SEP,0.39,21.29,0.71,26.38,1.37,28.08,1.32,29.01,0.33,-1.191,-2.6,-0.6,-1,AS,1.2,ASO,1.7,1987-1988,SE
10/01/87,1987,OCT,0.34,22.17,1.29,25.96,0.88,27.74,0.97,29.31,0.63,-1.283,0.75,-1.2,-0.4,SO,1.1,SON,1.5,1987-1988,SE
11/01/87,1987,NOV,0.26,22.55,0.93,25.93,0.73,27.67,0.85,29.31,0.63,-1.465,1.19,-0.7,0,ON,0.9,OND,1.3,1987-1988,SE
12/01/87,1987,DEC,0.47,23.28,0.44,26.17,0.91,27.41,0.77,28.96,0.51,-1.566,0.5,-1.3,-0.5,ND,0.9,NDJ,1.1,1987-1988,SE
01/01/88,1988,JAN,0.53,24.33,-0.19,26.2,0.53,27.23,0.67,28.72,0.5,-1.718,0.03,-0.9,-0.1,DJ,0.6,DJF,0.8,1988-1989,SL
02/01/88,1988,FEB,0.46,25.68,-0.42,26.35,-0.03,26.95,0.22,28.4,0.31,-1.557,1.37,-0.7,-0.4,JF,0.4,JFM,0.5,1988-1989,SL
03/01/88,1988,MAR,0.46,25.75,-0.85,27.07,-0.1,27.29,0.06,28.15,-0.07,-1.35,0.38,0.4,0.6,FM,0.3,FMA,0.1,1988-1989,SL
04/01/88,1988,APR,0.45,24.66,-1.07,26.81,-0.76,27.26,-0.55,27.91,-0.6,-1.229,1.12,0.2,0.1,MA,-0.1,MAM,-0.3,1988-1989,SL
05/01/88,1988,MAY,0.48,23.48,-1.13,25.54,-1.67,26.56,-1.32,28.07,-0.72,-1.016,0.61,0.6,0.9,AM,-0.6,AMJ,-0.9,1988-1989,SL
06/01/88,1988,JUN,0.4,21.58,-1.59,24.48,-2.16,26.01,-1.7,27.89,-0.95,-0.911,1.31,0.9,0.1,MJ,-1.3,MJJ,-1.3,1988-1989,SL
07/01/88,1988,JUL,0.38,20.23,-1.6,23.79,-2.08,25.57,-1.73,27.79,-1,-0.771,1.6,0.9,1,JJ,-1.8,JJA,-1.3,1988-1989,SL
08/01/88,1988,AUG,0.5,19.19,-1.66,23.62,-1.6,25.47,-1.43,27.7,-0.99,-0.447,-0.62,1.1,1.5,JA,-1.8,JAS,-1.1,1988-1989,SL
09/01/88,1988,SEP,0.41,19.06,-1.52,24.07,-0.94,25.83,-0.93,27.91,-0.77,0.274,-0.97,1.1,1.8,AS,-1.8,ASO,-1.2,1988-1989,SL
10/01/88,1988,OCT,0.4,19.35,-1.53,23.51,-1.58,24.76,-2.01,26.93,-1.75,0.875,0.89,0.8,1.4,SO,-1.5,SON,-1.5,1988-1989,SL
11/01/88,1988,NOV,0.16,20.41,-1.22,23.38,-1.82,24.6,-2.22,26.81,-1.87,1.614,0.11,1.2,1.7,ON,-1.6,OND,-1.8,1988-1989,SL
12/01/88,1988,DEC,0.32,21.67,-1.17,23.44,-1.82,24.63,-2.01,26.67,-1.78,2.362,0.33,1.6,1.2,ND,-1.6,NDJ,-1.9,1988-1989,SL
01/01/89,1989,JAN,0.12,24.04,-0.48,24.23,-1.45,24.56,-2,26.36,-1.86,2.629,-1.57,1.7,1.5,DJ,-1.1,DJF,-1.7,1989-1990,N
02/01/89,1989,FEB,0.32,25.86,-0.23,25.42,-0.96,25.26,-1.48,26.63,-1.46,2.577,-1.71,1.7,1.2,JF,-1.1,JFM,-1.4,1989-1990,N
03/01/89,1989,MAR,0.36,26.6,0,25.93,-1.23,25.8,-1.44,26.97,-1.26,2.039,-1.56,1.3,1.1,FM,-1.3,FMA,-1.1,1989-1990,N
04/01/89,1989,APR,0.4,25.6,-0.13,26.51,-1.06,26.49,-1.32,27.41,-1.1,1.436,-0.77,0.6,1.6,MA,-1.1,MAM,-0.8,1989-1990,N
05/01/89,1989,MAY,0.24,23.36,-1.25,26.31,-0.9,26.99,-0.89,28.1,-0.69,0.658,-0.04,0.4,1.2,AM,-1,AMJ,-0.6,1989-1990,N
06/01/89,1989,JUN,0.27,22.03,-1.15,26.25,-0.39,27.03,-0.67,27.79,-1.05,0.103,-0.56,0.6,0.7,MJ,-1,MJJ,-0.4,1989-1990,N
07/01/89,1989,JUL,0.32,21.14,-0.7,25.35,-0.52,26.73,-0.57,27.96,-0.83,-0.4,-0.59,0.4,0.9,JJ,-1.1,JJA,-0.3,1989-1990,N
08/01/89,1989,AUG,0.32,20.35,-0.51,24.57,-0.65,26.18,-0.72,27.79,-0.91,-0.42,-0.27,0.5,-0.3,JA,-0.7,JAS,-0.3,1989-1990,N
09/01/89,1989,SEP,0.4,19.7,-0.88,24.61,-0.4,26.25,-0.51,28.13,-0.54,-0.404,0.41,0.5,0.5,AS,-0.6,ASO,-0.2,1989-1990,N
10/01/89,1989,OCT,0.34,20.2,-0.68,24.52,-0.57,26.22,-0.55,28.14,-0.54,-0.559,-1.08,0.2,0.8,SO,-0.6,SON,-0.2,1989-1990,N
11/01/89,1989,NOV,0.18,21.19,-0.43,24.5,-0.7,26.21,-0.62,27.91,-0.76,-0.839,-0.7,-0.6,-0.2,ON,-0.3,OND,-0.2,1989-1990,N
12/01/89,1989,DEC,0.4,22.26,-0.58,24.76,-0.5,26.44,-0.2,28.3,-0.15,-1.019,0.57,-0.2,-0.5,ND,-0.1,NDJ,-0.1,1989-1990,N
01/01/90,1990,JAN,0.4,23.92,-0.6,25.27,-0.4,26.45,-0.11,28.2,-0.02,-1.314,-1.09,-1,-0.1,DJ,0.1,DJF,0.1,1990-1991,N
02/01/90,1990,FEB,0.38,25.66,-0.43,26.27,-0.11,26.74,0.01,28.27,0.18,-1.647,-2.78,-1,-1.8,JF,0.4,JFM,0.2,1990-1991,N
03/01/90,1990,MAR,0.77,26.1,-0.5,26.67,-0.5,27.05,-0.18,28.36,0.13,-1.634,0.04,-1.4,-0.4,FM,0.5,FMA,0.3,1990-1991,N
04/01/90,1990,APR,0.61,25.03,-0.7,27.36,-0.21,27.74,-0.06,28.67,0.16,-1.573,-0.62,-0.7,0.2,MA,0.1,MAM,0.3,1990-1991,N
05/01/90,1990,MAY,0.5,24,-0.61,27.24,0.03,27.92,0.04,28.64,-0.15,-1.714,0.27,0,1.2,AM,0.1,AMJ,0.3,1990-1991,N
06/01/90,1990,JUN,0.41,22.77,-0.4,26.46,-0.18,27.44,-0.26,28.64,-0.2,-1.81,-1.39,0.1,0.3,MJ,0.2,MJJ,0.3,1990-1991,N
07/01/90,1990,JUL,0.35,20.93,-0.9,25.72,-0.15,27.27,-0.03,28.68,-0.11,-1.88,-0.26,-0.2,0.5,JJ,0.3,JJA,0.3,1990-1991,N
08/01/90,1990,AUG,0.37,20.39,-0.47,25.16,-0.06,26.99,0.09,28.83,0.14,-2.165,1.76,-0.7,-0.2,JA,0.1,JAS,0.4,1990-1991,N
09/01/90,1990,SEP,0.3,19.98,-0.6,25,-0.01,26.73,-0.03,28.76,0.08,-2.399,-0.46,-0.7,-0.7,AS,0.3,ASO,0.4,1990-1991,N
10/01/90,1990,OCT,0.41,20.08,-0.79,24.91,-0.17,26.95,0.18,28.96,0.28,-2.38,-0.91,-0.1,0.3,SO,-0.1,SON,0.4,1990-1991,N
11/01/90,1990,NOV,0.41,20.73,-0.9,24.84,-0.36,26.73,-0.09,28.82,0.15,-2.437,-1.66,-0.5,-0.5,ON,0.1,OND,0.4,1990-1991,N
12/01/90,1990,DEC,0.41,22.12,-0.72,25.18,-0.08,26.86,0.22,28.84,0.39,-2.357,-1.62,-0.5,-0.2,ND,0.3,NDJ,0.4,1990-1991,N
01/01/91,1991,JAN,0.42,23.73,-0.78,25.63,-0.05,26.89,0.33,28.62,0.4,-2.109,0.2,-0.4,0.6,DJ,0.1,DJF,0.4,1991-1992,SE
02/01/91,1991,FEB,0.51,25.7,-0.4,26.28,-0.1,26.87,0.14,28.4,0.3,-2.09,1.13,-0.6,0.3,JF,0,JFM,0.3,1991-1992,SE
03/01/91,1991,MAR,0.37,26.32,-0.28,26.96,-0.2,27.16,-0.08,28.38,0.15,-2.002,-1.21,-0.4,-0.7,FM,0.2,FMA,0.2,1991-1992,SE
04/01/91,1991,APR,0.58,25.21,-0.52,27.39,-0.19,27.89,0.08,28.73,0.22,-1.793,0.38,0,-0.6,MA,0.5,MAM,0.3,1991-1992,SE
05/01/91,1991,MAY,0.43,24.65,0.04,27.44,0.22,28.13,0.25,29.18,0.39,-1.766,-0.63,-0.1,-1,AM,0.7,AMJ,0.5,1991-1992,SE
06/01/91,1991,JUN,0.55,23.07,-0.11,27.23,0.58,28.1,0.39,29.05,0.21,-1.843,-0.92,-0.2,-0.1,MJ,1.1,MJJ,0.6,1991-1992,SE
07/01/91,1991,JUL,0.41,22.06,0.23,26.43,0.56,27.77,0.47,28.95,0.17,-1.672,0.28,-0.5,0,JJ,0.9,JJA,0.7,1991-1992,SE
08/01/91,1991,AUG,0.37,20.98,0.12,25.55,0.33,27.5,0.6,29.07,0.38,-1.706,-0.28,-1,-0.4,JA,0.4,JAS,0.6,1991-1992,SE
09/01/91,1991,SEP,0.39,20.72,0.14,25.12,0.11,27.07,0.31,28.85,0.17,-1.655,1.15,-0.7,-1.5,AS,0.7,ASO,0.6,1991-1992,SE
10/01/91,1991,OCT,0.33,21.09,0.22,25.36,0.27,27.41,0.64,29.31,0.63,-1.657,-2.35,-0.6,-1,SO,1.2,SON,0.8,1991-1992,SE
11/01/91,1991,NOV,0.3,21.92,0.29,25.93,0.73,27.71,0.89,29.12,0.44,-1.664,0.22,-2.5,-0.7,ON,1.1,OND,1.2,1991-1992,SE
12/01/91,1991,DEC,0.32,23.13,0.29,26.3,1.03,28.14,1.5,29.21,0.77,-1.625,0.17,-1.8,-1.8,ND,1.2,NDJ,1.5,1991-1992,SE
01/01/92,1992,JAN,0.44,24.59,0.07,26.86,1.18,28.23,1.67,28.8,0.58,-1.363,0.99,-2.2,-2.9,DJ,1.6,DJF,1.7,1992-1993,N
02/01/92,1992,FEB,0.41,26.25,0.15,27.34,0.96,28.28,1.55,28.76,0.67,-0.945,0.09,-1.3,-0.9,JF,1.5,JFM,1.6,1992-1993,N
03/01/92,1992,MAR,0.45,27.38,0.78,27.87,0.71,28.39,1.16,28.83,0.6,-0.48,0.46,-2,-2,FM,1.7,FMA,1.5,1992-1993,N
04/01/92,1992,APR,0.23,27.17,1.44,28.46,0.89,28.81,1,29.03,0.52,-0.278,-0.29,-1.6,-1,MA,2,MAM,1.3,1992-1993,N
05/01/92,1992,MAY,0.37,26.09,1.47,28.28,1.07,28.79,0.91,29.12,0.33,-0.363,1.2,-1.8,0.3,AM,1.7,AMJ,1.1,1992-1993,N
06/01/92,1992,JUN,0.27,23.66,0.48,27.12,0.47,28.12,0.42,29.01,0.17,-0.564,1.36,-1,-0.6,MJ,1.7,MJJ,0.7,1992-1993,N
07/01/92,1992,JUL,0.13,21.44,-0.39,25.65,-0.22,27.45,0.15,29.12,0.33,-0.992,0.38,-0.4,-0.6,JJ,0.8,JJA,0.4,1992-1993,N
08/01/92,1992,AUG,0.11,20.67,-0.18,24.98,-0.24,26.82,-0.08,28.65,-0.04,-1.276,-0.37,-0.2,0.4,JA,0.1,JAS,0.1,1992-1993,N
09/01/92,1992,SEP,0.06,20.37,-0.21,24.82,-0.19,26.6,-0.16,28.65,-0.03,-1.317,-1.13,0,0.1,AS,0.6,ASO,-0.1,1992-1993,N
10/01/92,1992,OCT,0.02,20.99,0.12,24.66,-0.42,26.27,-0.5,28.45,-0.24,-1.219,0.4,-0.5,-1.4,SO,1,SON,-0.3,1992-1993,N
11/01/92,1992,NOV,0.05,21.37,-0.26,24.97,-0.23,26.64,-0.18,28.37,-0.3,-1.146,0.8,-1.1,-0.7,ON,0.8,OND,-0.3,1992-1993,N
12/01/92,1992,DEC,0.22,22.41,-0.43,25.1,-0.17,26.78,0.14,28.48,0.03,-0.878,-1.53,-1.5,-0.6,ND,0.8,NDJ,-0.1,1992-1993,N
01/01/93,1993,JAN,0.34,24.25,-0.27,25.66,-0.01,26.73,0.16,28.32,0.09,-0.819,-1.48,-0.7,-0.9,DJ,0.9,DJF,0.1,1993-1994,N
02/01/93,1993,FEB,0.39,26.12,0.03,26.69,0.31,27.07,0.34,28.1,0,-0.668,0.44,-1.6,-0.7,JF,1,JFM,0.3,1993-1994,N
03/01/93,1993,MAR,0.38,26.84,0.23,27.38,0.22,27.46,0.23,28.29,0.07,-0.417,0.94,-1,-0.5,FM,0.9,FMA,0.5,1993-1994,N
04/01/93,1993,APR,0.36,26.23,0.5,28.02,0.44,28.13,0.32,28.51,0,-0.267,1.26,-2,-1.2,MA,1.1,MAM,0.7,1993-1994,N
05/01/93,1993,MAY,0.31,25.16,0.54,28.05,0.84,28.53,0.65,28.79,0,-0.481,2.43,-1.5,-0.3,AM,1.4,AMJ,0.7,1993-1994,N
06/01/93,1993,JUN,0.32,23.53,0.36,26.82,0.18,27.86,0.15,28.76,-0.08,-0.629,0.66,-1.4,-0.8,MJ,1.1,MJJ,0.6,1993-1994,N
07/01/93,1993,JUL,0.31,22.06,0.23,26.04,0.17,27.51,0.22,28.8,0.02,-0.854,-0.28,-1.3,-0.8,JJ,0.7,JJA,0.3,1993-1994,N
08/01/93,1993,AUG,0.11,20.98,0.13,25.25,0.03,26.86,-0.04,28.67,-0.02,-1.028,-0.17,-0.6,-0.9,JA,0.6,JAS,0.3,1993-1994,N
09/01/93,1993,SEP,0.21,20.88,0.3,25.16,0.15,27,0.24,28.83,0.16,-1.186,-0.97,-0.9,-0.7,AS,0.6,ASO,0.2,1993-1994,N
10/01/93,1993,OCT,0.22,21.19,0.32,25.28,0.2,26.96,0.19,28.66,-0.02,-1.17,-0.17,-1.5,-1.1,SO,0.9,SON,0.1,1993-1994,N
11/01/93,1993,NOV,0.1,21.64,0.01,25.21,0.01,26.9,0.08,28.76,0.08,-1.162,-0.35,-0.1,-0.1,ON,0.7,OND,0,1993-1994,N
12/01/93,1993,DEC,0.18,22.46,-0.37,25.25,-0.02,26.74,0.1,28.74,0.29,-1.005,0.42,-0.7,0.2,ND,0.3,NDJ,0.1,1993-1994,N
01/01/94,1994,JAN,0.21,24.31,-0.2,25.75,0.08,26.58,0.02,28.31,0.09,-1.203,-0.8,-0.1,-0.1,DJ,0.1,DJF,0.1,1994-1995,ME
02/01/94,1994,FEB,0.06,25.76,-0.34,26.19,-0.19,26.65,-0.08,27.89,-0.2,-1.399,-1.27,0.6,0.3,JF,-0.1,JFM,0.1,1994-1995,ME
03/01/94,1994,MAR,0.3,25.54,-1.06,26.86,-0.3,27.38,0.15,28.28,0.06,-1.611,0.23,0.3,-0.7,FM,0,FMA,0.2,1994-1995,ME
04/01/94,1994,APR,0.41,24.51,-1.22,27.01,-0.56,27.88,0.08,28.4,-0.11,-1.847,-0.7,-0.3,-1.3,MA,0.2,MAM,0.3,1994-1995,ME
05/01/94,1994,MAY,0.32,23.52,-1.1,26.95,-0.26,28,0.12,28.98,0.19,-2.339,0.48,-0.1,-0.7,AM,0.2,AMJ,0.4,1994-1995,ME
06/01/94,1994,JUN,0.43,22.42,-0.75,26.42,-0.23,27.84,0.13,29.03,0.19,-2.75,-1.36,0.1,-0.4,MJ,0.4,MJJ,0.4,1994-1995,ME
07/01/94,1994,JUL,0.31,21.22,-0.61,25.26,-0.61,27.29,-0.01,29.25,0.47,-2.8,-0.06,-0.3,-1.3,JJ,0.9,JJA,0.4,1994-1995,ME
08/01/94,1994,AUG,0.26,19.89,-0.96,24.87,-0.35,27.3,0.4,29.31,0.61,-2.609,-1.38,-0.6,-1.2,JA,0.9,JAS,0.4,1994-1995,ME
09/01/94,1994,SEP,0.27,20.06,-0.52,24.9,-0.11,27.04,0.28,29.05,0.38,-2.5,-2.02,-1,-1.6,AS,1,ASO,0.6,1994-1995,ME
10/01/94,1994,OCT,0.45,21.56,0.69,25.58,0.49,27.37,0.6,29.19,0.5,-2.194,-0.09,-0.6,-1.1,SO,1.5,SON,0.7,1994-1995,ME
11/01/94,1994,NOV,0.42,22.26,0.63,25.93,0.73,27.73,0.91,29.25,0.58,-1.657,-1.61,-1.4,-0.6,ON,0.9,OND,1,1994-1995,ME
12/01/94,1994,DEC,0.4,23.46,0.62,26.07,0.8,27.79,1.15,29.16,0.71,-1.493,0.39,-2.8,-1.2,ND,0.8,NDJ,1.1,1994-1995,ME
01/01/95,1995,JAN,0.55,25.04,0.52,26.17,0.5,27.32,0.75,28.76,0.54,-1.726,0.2,-1.7,-0.4,DJ,0.8,DJF,1,1995-1996,ML
02/01/95,1995,FEB,0.77,26.17,0.07,26.75,0.37,27.37,0.64,28.8,0.71,-1.911,0.68,-0.6,-0.1,JF,0.5,JFM,0.7,1995-1996,ML
03/01/95,1995,MAR,0.49,26.3,-0.3,26.97,-0.2,27.53,0.3,28.81,0.59,-2.19,0.03,0,0.8,FM,0.2,FMA,0.5,1995-1996,ML
04/01/95,1995,APR,0.51,24.65,-1.08,27,-0.57,27.87,0.07,28.88,0.36,-2.296,0.04,0.2,-0.7,MA,0.3,MAM,0.3,1995-1996,ML
05/01/95,1995,MAY,0.32,23.37,-1.24,26.4,-0.82,27.67,-0.21,29.05,0.26,-2.263,0.09,0.2,-0.4,AM,0.4,AMJ,0.1,1995-1996,ML
06/01/95,1995,JUN,0.49,22.44,-0.73,26.03,-0.61,27.35,-0.36,28.9,0.06,-2.004,0.9,0.4,0.1,MJ,-0.1,MJJ,0,1995-1996,ML
07/01/95,1995,JUL,0.44,21.34,-0.5,25.51,-0.36,27.09,-0.21,28.71,-0.08,-1.533,-0.74,0.4,0.4,JJ,-0.3,JJA,-0.2,1995-1996,ML
08/01/95,1995,AUG,0.5,20.14,-0.71,24.44,-0.78,26.33,-0.57,28.48,-0.21,-1.006,-0.33,0.7,0.3,JA,-0.6,JAS,-0.5,1995-1996,ML
09/01/95,1995,SEP,0.44,20.23,-0.35,24.16,-0.85,26.1,-0.66,28.36,-0.32,-0.569,1.22,0.4,0.3,AS,-0.8,ASO,-0.8,1995-1996,ML
10/01/95,1995,OCT,0.44,20.05,-0.82,24.18,-0.9,25.82,-0.94,28.11,-0.57,-0.342,0.11,0.9,0,SO,-0.6,SON,-1,1995-1996,ML
11/01/95,1995,NOV,0.48,21.53,-0.1,24.18,-1.01,25.81,-1.01,28.05,-0.63,-0.188,-0.73,0.8,0,ON,-0.6,OND,-1,1995-1996,ML
12/01/95,1995,DEC,0.32,21.97,-0.86,24.31,-0.96,25.73,-0.91,27.96,-0.48,-0.028,0.62,1,-0.5,ND,-0.8,NDJ,-1,1995-1996,ML
01/01/96,1996,JAN,0.28,23.83,-0.69,24.96,-0.71,25.74,-0.83,27.75,-0.48,0.036,-0.68,1.7,1,DJ,-0.8,DJF,-0.9,1996-1997,N
02/01/96,1996,FEB,0.49,25.6,-0.49,25.72,-0.66,25.96,-0.77,27.48,-0.62,-0.373,-0.7,1.6,0.3,JF,-0.7,JFM,-0.8,1996-1997,N
03/01/96,1996,MAR,0.36,26.15,-0.45,26.66,-0.5,26.58,-0.66,27.62,-0.61,-0.6,-0.75,1.1,1.1,FM,-0.6,FMA,-0.6,1996-1997,N
04/01/96,1996,APR,0.37,24.09,-1.64,26.63,-0.94,27.32,-0.49,28.01,-0.5,-0.911,0.51,0.4,0.8,MA,-0.8,MAM,-0.4,1996-1997,N
05/01/96,1996,MAY,0.34,23.28,-1.34,26.36,-0.85,27.37,-0.51,28.41,-0.38,-1.525,0.37,0.4,0.3,AM,-0.9,AMJ,-0.3,1996-1997,N
06/01/96,1996,JUN,0.37,21.86,-1.31,25.87,-0.78,27.23,-0.48,28.45,-0.39,-1.984,-1.18,0.5,1.2,MJ,-0.7,MJJ,-0.3,1996-1997,N
07/01/96,1996,JUL,0.35,20.49,-1.34,25.22,-0.65,26.93,-0.37,28.37,-0.42,-2.02,0.18,0.5,0.7,JJ,-0.6,JJA,-0.3,1996-1997,N
08/01/96,1996,AUG,0.43,19.75,-1.11,24.68,-0.54,26.59,-0.31,28.44,-0.26,-1.961,-0.93,0.5,0.7,JA,-0.5,JAS,-0.3,1996-1997,N
09/01/96,1996,SEP,0.27,19.5,-1.08,24.46,-0.55,26.41,-0.35,28.36,-0.32,-1.89,-0.27,0.6,0.6,AS,-0.2,ASO,-0.4,1996-1997,N
10/01/96,1996,OCT,0.17,20.14,-0.73,24.4,-0.68,26.22,-0.55,28.34,-0.35,-1.73,-0.67,0.5,0.6,SO,-0.3,SON,-0.4,1996-1997,N
11/01/96,1996,NOV,0.43,20.34,-1.29,24.56,-0.64,26.39,-0.43,28.24,-0.43,-1.662,-0.44,0.5,-0.1,ON,-0.2,OND,-0.5,1996-1997,N
12/01/96,1996,DEC,0.38,21.67,-1.16,24.2,-1.06,26.04,-0.6,28.31,-0.14,-1.505,-1.53,0.7,0.9,ND,-0.5,NDJ,-0.5,1996-1997,N
01/01/97,1997,JAN,0.29,23.58,-0.93,24.69,-0.98,25.95,-0.61,28.12,-0.1,-1.345,0.16,0.5,0.5,DJ,-0.8,DJF,-0.5,1997-1998,VSE
02/01/97,1997,FEB,0.39,25.64,-0.45,25.66,-0.72,26.34,-0.39,28.22,0.12,-1.149,0.45,0.5,1.7,JF,-0.9,JFM,-0.4,1997-1998,VSE
03/01/97,1997,MAR,0.51,26.83,0.23,26.73,-0.44,26.88,-0.36,28.35,0.13,-0.538,-1.56,-1,-0.4,FM,-0.4,FMA,-0.1,1997-1998,VSE
04/01/97,1997,APR,0.41,26.53,0.8,27.26,-0.31,27.7,-0.11,29,0.48,0.297,0.29,-1.2,-0.6,MA,0.4,MAM,0.3,1997-1998,VSE
05/01/97,1997,MAY,0.42,26.44,1.83,27.67,0.46,28.28,0.4,29.21,0.42,1.055,0.77,-1.7,-1.3,AM,1.1,AMJ,0.8,1997-1998,VSE
06/01/97,1997,JUN,0.56,25.97,2.79,27.85,1.21,28.52,0.81,29.04,0.2,1.783,-0.25,-0.9,-1.4,MJ,2.4,MJJ,1.2,1997-1998,VSE
07/01/97,1997,JUL,0.41,25.42,3.59,27.65,1.77,28.57,1.27,29.19,0.4,2.51,0.1,-1.5,-0.8,JJ,2.1,JJA,1.6,1997-1998,VSE
08/01/97,1997,AUG,0.47,24.57,3.71,27.54,2.32,28.58,1.68,29.03,0.33,2.833,-0.55,-1.7,-1.4,JA,2.3,JAS,1.9,1997-1998,VSE
09/01/97,1997,SEP,0.59,24.21,3.63,27.53,2.52,28.6,1.84,29.23,0.56,2.944,0.22,-1.4,-1.4,AS,2.2,ASO,2.1,1997-1998,VSE
10/01/97,1997,OCT,0.68,24.44,3.57,27.78,2.69,28.73,1.96,28.99,0.3,3.09,-0.12,-2.6,-1.5,SO,1.9,SON,2.3,1997-1998,VSE
11/01/97,1997,NOV,0.65,25.36,3.73,28.23,3.04,28.93,2.11,29.29,0.61,3.037,0.86,-0.6,-1.2,ON,2,OND,2.4,1997-1998,VSE
12/01/97,1997,DEC,0.59,26.57,3.73,28.33,3.07,28.74,2.1,28.89,0.44,2.858,0.85,-1.5,-1,ND,2,NDJ,2.4,1997-1998,VSE
01/01/98,1998,JAN,0.58,27.4,2.88,28.42,2.75,28.59,2.03,28.67,0.44,2.716,0.3,-0.7,-2.7,DJ,2.2,DJF,2.2,1998-1999,SL
02/01/98,1998,FEB,0.83,28.01,1.91,28.57,2.19,28.47,1.74,28.62,0.52,2.87,0.89,-0.3,-2,JF,2.4,JFM,1.9,1998-1999,SL
03/01/98,1998,MAR,0.67,28.51,1.91,28.81,1.64,28.42,1.18,28.49,0.27,3.045,0.69,0.1,-2.4,FM,2.3,FMA,1.4,1998-1999,SL
04/01/98,1998,APR,0.7,28.07,2.34,28.77,1.2,28.3,0.5,28.39,-0.12,2.983,0.85,1,-1.4,MA,2.3,MAM,1,1998-1999,SL
05/01/98,1998,MAY,0.69,27.46,2.84,28.27,1.06,28.33,0.45,28.56,-0.23,3.164,-1.87,-0.3,0.3,AM,1.7,AMJ,0.5,1998-1999,SL
06/01/98,1998,JUN,0.76,25.09,1.92,26.37,-0.27,26.96,-0.75,28.36,-0.48,3.21,0.09,-0.1,1,MJ,-0.2,MJJ,-0.1,1998-1999,SL
07/01/98,1998,JUL,0.69,23.47,1.64,25.49,-0.38,26.15,-1.15,28.02,-0.77,2.762,1.67,0.5,1.2,JJ,-1.5,JJA,-0.8,1998-1999,SL
08/01/98,1998,AUG,0.68,21.98,1.12,24.78,-0.43,25.7,-1.2,27.79,-0.9,2.45,-0.6,0.6,1.2,JA,-1.8,JAS,-1.1,1998-1999,SL
09/01/98,1998,SEP,0.47,21.11,0.53,24.38,-0.63,25.73,-1.03,27.91,-0.77,2.368,0.42,0.9,1,AS,-1.4,ASO,-1.3,1998-1999,SL
10/01/98,1998,OCT,0.43,21.66,0.79,24.18,-0.91,25.43,-1.34,27.27,-1.41,2.262,0.77,0.8,1.1,SO,-1.2,SON,-1.4,1998-1999,SL
11/01/98,1998,NOV,0.44,21.45,-0.17,24.47,-0.73,25.51,-1.31,27.24,-1.43,2.225,0.7,1,1,ON,-1.3,OND,-1.5,1998-1999,SL
12/01/98,1998,DEC,0.58,23.08,0.24,24.12,-1.15,24.91,-1.73,26.96,-1.48,2.475,-0.39,1.3,1.4,ND,-1.2,NDJ,-1.6,1998-1999,SL
01/01/99,1999,JAN,0.49,23.82,-0.69,24.52,-1.15,24.98,-1.58,26.55,-1.67,2.451,-0.44,1.8,1.8,DJ,-1.2,DJF,-1.6,1999-2000,SL
02/01/99,1999,FEB,0.63,25.67,-0.42,25.64,-0.74,25.63,-1.1,26.62,-1.48,2.095,-0.46,1.3,1,JF,-1.1,JFM,-1.3,1999-2000,SL
03/01/99,1999,MAR,0.39,26.61,0.01,26.82,-0.35,26.34,-0.89,26.89,-1.34,1.7,0.38,1.5,1.3,FM,-1,FMA,-1.1,1999-2000,SL
04/01/99,1999,APR,0.36,24.21,-1.52,26.74,-0.83,26.81,-0.99,27.22,-1.29,1.138,0.05,1,1.4,MA,-1.2,MAM,-1,1999-2000,SL
05/01/99,1999,MAY,0.33,23.79,-0.82,26.57,-0.64,26.96,-0.92,27.8,-0.99,0.449,-0.05,0.7,0.2,AM,-1.4,AMJ,-1,1999-2000,SL
06/01/99,1999,JUN,0.37,22.35,-0.83,25.84,-0.8,26.62,-1.08,27.96,-0.89,-0.101,0.43,0.5,0.3,MJ,-1.3,MJJ,-1,1999-2000,SL
07/01/99,1999,JUL,0.41,21.04,-0.79,25.01,-0.87,26.27,-1.03,27.7,-1.09,-0.311,-0.92,0.2,0.5,JJ,-1.2,JJA,-1.1,1999-2000,SL
08/01/99,1999,AUG,0.33,20.03,-0.83,24.26,-0.96,25.68,-1.22,27.74,-0.95,-0.369,1.95,0.7,0.4,JA,-1.1,JAS,-1.1,1999-2000,SL
09/01/99,1999,SEP,0.46,19.64,-0.94,23.89,-1.12,25.73,-1.03,27.77,-0.91,-0.2,0.33,1,-0.1,AS,-1.2,ASO,-1.2,1999-2000,SL
10/01/99,1999,OCT,0.37,20.13,-0.74,23.75,-1.34,25.58,-1.19,27.84,-0.85,0.152,0.62,0.9,1,SO,-1.3,SON,-1.3,1999-2000,SL
11/01/99,1999,NOV,0.37,20.66,-0.96,23.63,-1.57,25.19,-1.63,27.54,-1.13,0.477,0.45,0.7,1,ON,-1.4,OND,-1.5,1999-2000,SL
12/01/99,1999,DEC,0.47,22.17,-0.67,23.68,-1.59,24.99,-1.65,27.21,-1.23,1.065,-0.09,1.8,1.4,ND,-1.4,NDJ,-1.7,1999-2000,SL
01/01/00,2000,JAN,0.34,23.93,-0.59,24,-1.67,24.8,-1.77,27.02,-1.2,1.452,-1.7,1.7,0.7,DJ,-1.2,DJF,-1.7,2000-2001,WL
02/01/00,2000,FEB,0.57,25.71,-0.39,25.38,-1,25.21,-1.52,26.69,-1.41,1.827,1.2,2.2,1.7,JF,-1.2,JFM,-1.4,2000-2001,WL
03/01/00,2000,MAR,0.58,25.88,-0.72,26.56,-0.61,26.11,-1.13,26.73,-1.49,1.857,0.95,1.8,1.3,FM,-1.4,FMA,-1.1,2000-2001,WL
04/01/00,2000,APR,0.61,25.94,0.21,27.38,-0.19,26.91,-0.9,27.29,-1.22,1.494,-0.58,1.1,1.2,MA,-1,MAM,-0.8,2000-2001,WL
05/01/00,2000,MAY,0.38,23.97,-0.64,26.66,-0.56,26.91,-0.97,27.65,-1.14,0.783,-0.16,0.4,0.4,AM,-1.2,AMJ,-0.7,2000-2001,WL
06/01/00,2000,JUN,0.36,22.69,-0.49,25.91,-0.73,27.01,-0.7,28.3,-0.55,0.17,-1.19,0.8,-0.2,MJ,-1.1,MJJ,-0.6,2000-2001,WL
07/01/00,2000,JUL,0.41,20.78,-1.05,25.07,-0.8,26.57,-0.73,28.21,-0.57,-0.465,-2.55,0.8,-0.2,JJ,-0.6,JJA,-0.6,2000-2001,WL
08/01/00,2000,AUG,0.45,19.85,-1.01,24.64,-0.58,26.39,-0.51,28.14,-0.55,-0.707,-0.51,-0.1,0.7,JA,-0.2,JAS,-0.5,2000-2001,WL
09/01/00,2000,SEP,0.43,20.01,-0.57,24.55,-0.46,26.24,-0.52,28.34,-0.33,-0.798,-1.21,0.5,0.9,AS,-0.3,ASO,-0.6,2000-2001,WL
10/01/00,2000,OCT,0.33,20.38,-0.5,24.51,-0.57,26.06,-0.71,28.02,-0.66,-0.377,0.44,0.4,1.1,SO,-0.5,SON,-0.6,2000-2001,WL
11/01/00,2000,NOV,0.33,20.65,-0.97,24.29,-0.91,25.92,-0.9,28,-0.67,-0.097,0.7,0.7,1.8,ON,-0.8,OND,-0.8,2000-2001,WL
12/01/00,2000,DEC,0.3,22.43,-0.41,24.55,-0.72,25.59,-1.05,27.29,-1.16,0.362,0.92,1,0.8,ND,-0.7,NDJ,-0.7,2000-2001,WL
01/01/01,2001,JAN,0.43,24.15,-0.37,25.25,-0.43,25.81,-0.76,27.31,-0.91,0.785,1.29,1.5,1,DJ,-0.8,DJF,-0.7,2001-2002,N
02/01/01,2001,FEB,0.46,25.71,-0.38,26.17,-0.21,26.18,-0.56,27.1,-0.99,1.25,-0.51,0.6,1.7,JF,-0.8,JFM,-0.5,2001-2002,N
03/01/01,2001,MAR,0.56,26.94,0.34,27.27,0.1,26.86,-0.37,27.5,-0.73,0.853,0.39,0.8,0.9,FM,-0.7,FMA,-0.4,2001-2002,N
04/01/01,2001,APR,0.55,26.26,0.53,27.35,-0.22,27.24,-0.56,27.91,-0.6,0.239,-0.7,0,0.2,MA,-0.7,MAM,-0.3,2001-2002,N
05/01/01,2001,MAY,0.57,24.26,-0.35,26.99,-0.22,27.42,-0.46,28.38,-0.41,-0.568,-0.01,-0.2,-0.5,AM,-0.8,AMJ,-0.3,2001-2002,N
06/01/01,2001,JUN,0.54,22.49,-0.69,26.42,-0.23,27.55,-0.16,28.58,-0.27,-1.504,-0.89,0,0.3,MJ,-0.6,MJJ,-0.1,2001-2002,N
07/01/01,2001,JUL,0.62,21.25,-0.58,25.5,-0.37,27.19,-0.11,28.94,0.15,-2.452,-0.36,0,-0.2,JJ,0,JJA,-0.1,2001-2002,N
08/01/01,2001,AUG,0.48,20.31,-0.55,24.86,-0.35,26.81,-0.09,28.77,0.07,-2.846,-0.14,-0.4,-0.4,JA,0.2,JAS,-0.1,2001-2002,N
09/01/01,2001,SEP,0.58,19.81,-0.77,24.51,-0.5,26.58,-0.19,29.06,0.39,-2.858,0.04,0.3,0.2,AS,-0.1,ASO,-0.2,2001-2002,N
10/01/01,2001,OCT,0.47,19.8,-1.07,24.62,-0.47,26.52,-0.25,28.87,0.19,-2.637,-0.08,-0.1,0,SO,-0.3,SON,-0.3,2001-2002,N
11/01/01,2001,NOV,0.71,20.77,-0.85,24.35,-0.84,26.35,-0.48,28.79,0.12,-2.674,1.03,-0.4,0.7,ON,-0.4,OND,-0.4,2001-2002,N
12/01/01,2001,DEC,0.63,22.19,-0.64,24.68,-0.59,26.11,-0.53,28.36,-0.09,-2.37,0.26,-1.8,-0.8,ND,-0.1,NDJ,-0.3,2001-2002,N
01/01/02,2002,JAN,0.68,23.94,-0.58,25.02,-0.65,26.36,-0.2,28.6,0.38,-1.78,-0.7,-0.2,0.4,DJ,-0.1,DJF,-0.2,2002-2003,ME
02/01/02,2002,FEB,0.7,26.02,-0.07,26.03,-0.34,26.76,0.03,28.42,0.32,-1.343,-0.11,-1.2,1.1,JF,-0.4,JFM,0,2002-2003,ME
03/01/02,2002,MAR,0.85,27.29,0.69,27.22,0.06,27.17,-0.06,28.29,0.06,-1.287,-1.56,-1,-0.2,FM,-0.3,FMA,0.1,2002-2003,ME
04/01/02,2002,APR,0.56,26.39,0.66,27.45,-0.12,27.84,0.03,28.88,0.37,-1.326,-2.4,0.3,-0.1,MA,-0.4,MAM,0.2,2002-2003,ME
05/01/02,2002,MAY,0.66,25.35,0.74,27.38,0.16,28.07,0.19,29.29,0.5,-1.663,-0.56,0.1,-0.8,AM,-0.1,AMJ,0.4,2002-2003,ME
06/01/02,2002,JUN,0.53,23.3,0.12,27.13,0.48,28.31,0.6,29.34,0.5,-2.335,0.06,-0.7,-0.2,MJ,0.4,MJJ,0.7,2002-2003,ME
07/01/02,2002,JUL,0.59,21.86,0.02,26.17,0.3,27.88,0.58,29.24,0.46,-2.871,0.4,0.2,-0.5,JJ,0.4,JJA,0.8,2002-2003,ME
08/01/02,2002,AUG,0.53,20.71,-0.15,25.53,0.31,27.56,0.66,29.23,0.54,-3.001,0.61,-1.6,-1,JA,0.8,JAS,0.9,2002-2003,ME
09/01/02,2002,SEP,0.66,20.8,0.22,25.68,0.67,27.61,0.85,29.24,0.56,-2.878,0.6,-1.9,-0.6,AS,0.7,ASO,1,2002-2003,ME
10/01/02,2002,OCT,0.56,21.64,0.77,25.75,0.66,27.79,1.02,29.25,0.57,-2.546,-0.55,-1.5,-0.4,SO,0.7,SON,1.2,2002-2003,ME
11/01/02,2002,NOV,0.61,22.81,1.19,26.29,1.09,28.03,1.2,29.5,0.83,-2.413,1.46,-1.8,-0.5,ON,0.7,OND,1.3,2002-2003,ME
12/01/02,2002,DEC,0.5,23.73,0.89,26.42,1.15,27.94,1.3,29.28,0.83,-2.311,1.28,-1.6,-1.1,ND,0.8,NDJ,1.1,2002-2003,ME
01/01/03,2003,JAN,0.71,24.47,-0.05,26.34,0.67,27.45,0.88,28.86,0.64,-2.523,1.01,-2.3,-0.2,DJ,0.7,DJF,0.9,2003-2004,N
02/01/03,2003,FEB,0.57,26.14,0.04,26.78,0.4,27.39,0.65,28.71,0.61,-2.644,0.68,-1.1,-0.7,JF,0.6,JFM,0.6,2003-2004,N
03/01/03,2003,MAR,0.61,26.66,0.06,27.31,0.15,27.73,0.5,28.83,0.61,-2.91,-0.36,-0.8,-0.3,FM,0.6,FMA,0.4,2003-2004,N
04/01/03,2003,APR,0.6,24.96,-0.77,27.21,-0.36,27.67,-0.14,28.67,0.16,-2.995,-0.1,0.3,-0.1,MA,0,MAM,0,2003-2004,N
05/01/03,2003,MAY,0.64,22.87,-1.74,26.3,-0.91,27.28,-0.6,28.59,-0.2,-3.04,-1.85,0.1,-0.3,AM,-0.5,AMJ,-0.3,2003-2004,N
06/01/03,2003,JUN,0.52,22.23,-0.95,26.06,-0.59,27.37,-0.34,28.86,0.02,-2.895,-0.53,0.8,-0.6,MJ,-0.2,MJJ,-0.2,2003-2004,N
07/01/03,2003,JUL,0.6,21.39,-0.44,25.85,-0.02,27.34,0.04,28.93,0.14,-2.723,0.73,-0.2,0.3,JJ,-0.1,JJA,0.1,2003-2004,N
08/01/03,2003,AUG,0.59,21.04,0.18,25.38,0.16,26.94,0.04,28.83,0.14,-2.412,-0.31,0.5,0.1,JA,0,JAS,0.2,2003-2004,N
09/01/03,2003,SEP,0.65,20.31,-0.27,25.11,0.1,26.94,0.18,28.81,0.14,-2.082,0.59,0,-0.1,AS,0.1,ASO,0.3,2003-2004,N
10/01/03,2003,OCT,0.77,21.14,0.27,25.5,0.42,27.19,0.42,29.12,0.44,-1.738,1.23,0,0,SO,0.3,SON,0.3,2003-2004,N
11/01/03,2003,NOV,0.55,22.07,0.44,25.52,0.32,27.03,0.21,29.08,0.41,-1.596,-1.65,0.5,-0.3,ON,0.4,OND,0.4,2003-2004,N
12/01/03,2003,DEC,0.75,23.31,0.47,25.94,0.68,26.98,0.34,28.75,0.3,-1.522,0.56,-0.1,1.1,ND,0.2,NDJ,0.4,2003-2004,N
01/01/04,2004,JAN,0.58,24.79,0.28,26.14,0.47,26.78,0.22,28.54,0.31,-1.6,-0.12,-0.9,-1.3,DJ,0.1,DJF,0.4,2004-2005,WE
02/01/04,2004,FEB,0.67,26.22,0.12,26.64,0.26,26.9,0.16,28.37,0.27,-1.571,1.12,0.4,1.2,JF,-0.1,JFM,0.3,2004-2005,WE
03/01/04,2004,MAR,0.66,25.82,-0.78,27.11,-0.05,27.05,-0.18,28.3,0.08,-1.913,0,-0.5,0.4,FM,-0.5,FMA,0.2,2004-2005,WE
04/01/04,2004,APR,0.65,25.71,-0.02,27.42,-0.15,27.76,-0.04,28.58,0.06,-2.272,0.25,-0.8,-0.9,MA,-0.3,MAM,0.2,2004-2005,WE
05/01/04,2004,MAY,0.42,23.65,-0.97,26.77,-0.44,27.95,0.07,28.95,0.15,-2.637,-1.46,0.3,1,AM,-0.4,AMJ,0.2,2004-2005,WE
06/01/04,2004,JUN,0.47,22.24,-0.94,26.4,-0.24,27.7,0,28.91,0.07,-2.999,-0.28,-1.1,-0.8,MJ,0,MJJ,0.3,2004-2005,WE
07/01/04,2004,JUL,0.32,21.08,-0.75,25.91,0.04,27.76,0.47,29.14,0.35,-3.376,-0.33,0.1,-0.5,JJ,0.4,JJA,0.5,2004-2005,WE
08/01/04,2004,AUG,0.44,20.23,-0.63,25.31,0.09,27.51,0.61,29.1,0.4,-3.253,1.52,-0.4,-0.3,JA,0.7,JAS,0.6,2004-2005,WE
09/01/04,2004,SEP,0.52,20.25,-0.33,25.27,0.26,27.43,0.67,29.32,0.65,-2.993,-0.11,-0.3,-0.3,AS,0.5,ASO,0.7,2004-2005,WE
10/01/04,2004,OCT,0.6,21.21,0.34,25.5,0.41,27.41,0.64,29.35,0.67,-2.731,-1.37,-0.3,-0.1,SO,0.3,SON,0.7,2004-2005,WE
11/01/04,2004,NOV,0.72,22.51,0.89,25.75,0.55,27.41,0.59,29.31,0.64,-2.505,0.29,-0.8,-0.7,ON,0.4,OND,0.7,2004-2005,WE
12/01/04,2004,DEC,0.49,22.99,0.15,25.83,0.56,27.28,0.63,29.13,0.68,-2.393,-0.04,-0.1,-0.8,ND,0.5,NDJ,0.7,2004-2005,WE
01/01/05,2005,JAN,0.74,24.64,0.13,25.96,0.28,27.18,0.61,29.11,0.89,-2.598,-0.62,-0.1,0.3,DJ,0.1,DJF,0.6,2005-2006,WL
02/01/05,2005,FEB,0.62,25.52,-0.58,26.25,-0.13,26.97,0.24,28.71,0.61,-2.605,-0.11,-2.2,-3.1,JF,0.6,JFM,0.6,2005-2006,WL
03/01/05,2005,MAR,0.76,25.23,-1.37,26.93,-0.23,27.5,0.27,28.74,0.51,-2.408,0.56,0,0.3,FM,0.8,FMA,0.5,2005-2006,WL
04/01/05,2005,APR,0.7,25.12,-0.61,27.57,0,27.93,0.13,28.8,0.29,-2.383,1,-0.5,-0.6,MA,0.1,MAM,0.4,2005-2006,WL
05/01/05,2005,MAY,0.7,24.58,-0.04,27.4,0.19,28.1,0.22,29,0.21,-2.284,1.62,-0.2,-0.8,AM,0.1,AMJ,0.3,2005-2006,WL
06/01/05,2005,JUN,0.66,22.51,-0.67,26.76,0.11,27.91,0.2,29.07,0.23,-1.897,0.42,0.1,0.4,MJ,0.1,MJJ,0.1,2005-2006,WL
07/01/05,2005,JUL,0.65,21.43,-0.4,25.98,0.11,27.37,0.08,28.92,0.13,-1.885,-0.02,-0.6,0.2,JJ,-0.1,JJA,-0.1,2005-2006,WL
08/01/05,2005,AUG,0.59,20.29,-0.57,25.44,0.22,26.96,0.06,28.71,0.02,-2.124,0.69,0.3,-0.3,JA,0,JAS,-0.1,2005-2006,WL
09/01/05,2005,SEP,0.73,19.9,-0.68,24.8,-0.21,26.64,-0.12,28.64,-0.04,-1.999,1.32,-0.1,0.4,AS,-0.1,ASO,-0.1,2005-2006,WL
10/01/05,2005,OCT,0.75,19.76,-1.11,24.77,-0.32,26.7,-0.07,28.74,0.06,-1.668,1.16,0,1.2,SO,-0.8,SON,-0.3,2005-2006,WL
11/01/05,2005,NOV,0.78,20.36,-1.27,24.22,-0.98,26.29,-0.54,28.56,-0.12,-1.264,-0.74,0.4,-0.2,ON,-0.8,OND,-0.6,2005-2006,WL
12/01/05,2005,DEC,0.74,22.12,-0.71,24.05,-1.21,25.84,-0.8,28.26,-0.18,-0.475,1.07,0.8,0,ND,-0.7,NDJ,-0.8,2005-2006,WL
01/01/06,2006,JAN,0.63,24.41,-0.11,24.85,-0.82,25.64,-0.93,27.66,-0.56,0.151,-0.1,0.8,1.7,DJ,-0.7,DJF,-0.9,2006-2007,WE
02/01/06,2006,FEB,0.8,26.68,0.58,26.11,-0.27,26.06,-0.67,27.37,-0.73,0.067,-0.44,0.4,0.1,JF,-0.5,JFM,-0.8,2006-2007,WE
03/01/06,2006,MAR,0.67,26.32,-0.28,26.59,-0.57,26.57,-0.66,27.74,-0.49,-0.099,-0.56,1.1,1.8,FM,-0.6,FMA,-0.6,2006-2007,WE
04/01/06,2006,APR,0.52,24.52,-1.21,27.27,-0.3,27.52,-0.28,28.17,-0.34,-0.601,0.2,0.3,1.1,MA,-0.8,MAM,-0.4,2006-2007,WE
05/01/06,2006,MAY,0.52,24.17,-0.44,27.16,-0.05,27.82,-0.06,28.65,-0.14,-1.17,-1.03,0.7,-0.5,AM,-0.3,AMJ,-0.1,2006-2007,WE
06/01/06,2006,JUN,0.65,22.9,-0.27,26.65,0,27.79,0.08,29,0.16,-1.501,-1.02,-0.4,-0.2,MJ,-0.1,MJJ,0,2006-2007,WE
07/01/06,2006,JUL,0.55,22,0.17,25.85,-0.02,27.28,-0.01,28.93,0.14,-1.289,1.29,0,-0.6,JJ,0.2,JJA,0.1,2006-2007,WE
08/01/06,2006,AUG,0.72,21.61,0.75,25.61,0.39,27.23,0.33,29.11,0.42,-1.087,-1.45,-0.5,-1,JA,0.6,JAS,0.3,2006-2007,WE
09/01/06,2006,SEP,0.69,21.73,1.15,25.81,0.8,27.29,0.53,29.33,0.66,-0.991,0.31,-0.5,-0.6,AS,0.6,ASO,0.5,2006-2007,WE
10/01/06,2006,OCT,0.68,22.48,1.6,25.88,0.79,27.42,0.65,29.32,0.63,-1.131,-0.76,-1,-1.3,SO,0.6,SON,0.8,2006-2007,WE
11/01/06,2006,NOV,0.72,22.82,1.2,26.08,0.88,27.67,0.85,29.51,0.84,-1.184,-1.34,-0.7,0.1,ON,0.8,OND,0.9,2006-2007,WE
12/01/06,2006,DEC,0.77,23.95,1.11,26.41,1.14,27.74,1.1,29.35,0.9,-1.204,1.55,-0.8,-0.3,ND,0.6,NDJ,0.9,2006-2007,WE
01/01/07,2007,JAN,0.93,25.13,0.61,26.61,0.94,27.31,0.75,28.92,0.69,-1.594,0.27,-1.4,-0.8,DJ,0.6,DJF,0.7,2007-2008,SL
02/01/07,2007,FEB,0.72,26.26,0.16,26.52,0.14,26.84,0.11,28.61,0.52,-1.834,-0.42,-0.1,-0.1,JF,0.5,JFM,0.2,2007-2008,SL
03/01/07,2007,MAR,0.69,26.28,-0.33,26.71,-0.46,27.16,-0.08,28.63,0.4,-2.022,-0.12,0.4,0.2,FM,-0.1,FMA,-0.1,2007-2008,SL
04/01/07,2007,APR,0.8,25.19,-0.54,27.26,-0.31,27.7,-0.1,28.66,0.15,-2.341,0.97,-0.1,-0.1,MA,-0.5,MAM,-0.3,2007-2008,SL
05/01/07,2007,MAY,0.66,23.49,-1.12,26.42,-0.79,27.45,-0.43,28.65,-0.14,-2.655,0.03,0.1,-0.1,AM,-0.6,AMJ,-0.4,2007-2008,SL
06/01/07,2007,JUN,0.57,22.34,-0.83,26.19,-0.46,27.57,-0.14,28.73,-0.11,-2.697,-0.3,0.4,0.5,MJ,-1,MJJ,-0.5,2007-2008,SL
07/01/07,2007,JUL,0.58,21.18,-0.65,25.24,-0.63,26.89,-0.41,28.55,-0.24,-2.565,1.65,0.7,-0.3,JJ,-0.6,JJA,-0.6,2007-2008,SL
08/01/07,2007,AUG,0.58,19.89,-0.97,24.2,-1.02,26.32,-0.58,28.53,-0.17,-2.305,1.96,0.4,0.4,JA,-0.9,JAS,-0.8,2007-2008,SL
09/01/07,2007,SEP,0.61,19.51,-1.07,23.99,-1.02,25.9,-0.86,28.16,-0.52,-1.865,1.52,0.5,0.2,AS,-1.1,ASO,-1.1,2007-2008,SL
10/01/07,2007,OCT,0.61,19.28,-1.59,23.8,-1.29,25.58,-1.19,28.05,-0.63,-1.291,0.77,1,0.7,SO,-1.2,SON,-1.3,2007-2008,SL
11/01/07,2007,NOV,0.58,19.72,-1.9,23.66,-1.54,25.4,-1.42,27.57,-1.1,-0.302,0.65,0.2,0.9,ON,-1.2,OND,-1.5,2007-2008,SL
12/01/07,2007,DEC,0.52,21.12,-1.72,23.91,-1.36,25.47,-1.18,27.65,-0.8,0.85,-0.16,1.5,1.7,ND,-1.3,NDJ,-1.6,2007-2008,SL
01/01/08,2008,JAN,0.29,24.26,-0.26,24.32,-1.35,24.97,-1.59,26.78,-1.44,1.836,-1.06,0.6,1.8,DJ,-1.1,DJF,-1.6,2008-2009,WL
02/01/08,2008,FEB,0.35,26.36,0.27,25.3,-1.08,25.25,-1.49,26.71,-1.39,2.404,0.37,2.1,2.6,JF,-1.2,JFM,-1.5,2008-2009,WL
03/01/08,2008,MAR,0.74,27.12,0.52,26.69,-0.47,26.3,-0.94,27.14,-1.09,2.671,-0.61,1.9,1.4,FM,-1.6,FMA,-1.3,2008-2009,WL
04/01/08,2008,APR,0.52,26.05,0.32,27.28,-0.29,26.95,-0.85,27.57,-0.94,2.493,-1.18,1.2,0.7,MA,-1.3,MAM,-1,2008-2009,WL
05/01/08,2008,MAY,0.52,24.69,0.07,27.18,-0.03,27.19,-0.69,27.9,-0.9,2.015,1.25,0.9,-0.1,AM,-1,AMJ,-0.8,2008-2009,WL
06/01/08,2008,JUN,0.51,23.62,0.44,26.52,-0.12,27.07,-0.64,27.99,-0.85,1.613,-1.76,0.3,0.6,MJ,-0.8,MJJ,-0.6,2008-2009,WL
07/01/08,2008,JUL,0.56,22.74,0.9,26.12,0.25,27.03,-0.27,28.11,-0.68,1.429,-0.51,0.5,0.3,JJ,-0.9,JJA,-0.4,2008-2009,WL
08/01/08,2008,AUG,0.48,22.04,1.18,25.79,0.57,26.83,-0.07,28.02,-0.68,1.173,0.89,0.3,1,JA,-1,JAS,-0.2,2008-2009,WL
09/01/08,2008,SEP,0.63,21.7,1.12,25.35,0.34,26.52,-0.24,28.09,-0.58,0.955,0.89,0.1,1.2,AS,-1,ASO,-0.2,2008-2009,WL
10/01/08,2008,OCT,0.69,21.32,0.45,25.32,0.23,26.57,-0.2,28.25,-0.43,0.839,1.11,0.7,1.3,SO,-1.1,SON,-0.4,2008-2009,WL
11/01/08,2008,NOV,0.71,21.63,0,25.15,-0.05,26.47,-0.35,28.17,-0.5,0.787,1.05,0.5,1.3,ON,-1.1,OND,-0.6,2008-2009,WL
12/01/08,2008,DEC,0.57,22.58,-0.26,24.64,-0.63,25.83,-0.82,27.68,-0.77,0.779,-1.71,1.6,1.4,ND,-1.1,NDJ,-0.7,2008-2009,WL
01/01/09,2009,JAN,0.66,24.36,-0.16,25.32,-0.35,25.76,-0.8,27.38,-0.84,0.793,0.13,1.3,1.1,DJ,-1,DJF,-0.9,2009-2010,ME
02/01/09,2009,FEB,0.52,25.86,-0.24,25.96,-0.42,26.13,-0.6,27.41,-0.69,0.753,-1.57,1.3,1.9,JF,-0.9,JFM,-0.8,2009-2010,ME
03/01/09,2009,MAR,0.54,26.11,-0.49,26.51,-0.65,26.61,-0.62,27.69,-0.54,0.514,-1.29,0.9,0.4,FM,-0.9,FMA,-0.6,2009-2010,ME
04/01/09,2009,APR,0.59,26.07,0.34,27.53,-0.04,27.65,-0.16,28.3,-0.21,0.107,-0.04,0.7,0.8,MA,-0.7,MAM,-0.3,2009-2010,ME
05/01/09,2009,MAY,0.62,25.11,0.5,27.59,0.38,28.06,0.18,28.82,0.03,-0.284,-0.43,0.6,-0.1,AM,-0.6,AMJ,0,2009-2010,ME
06/01/09,2009,JUN,0.64,23.9,0.73,27.28,0.63,28.13,0.42,28.96,0.12,-0.476,0.48,,0.1,MJ,0.3,MJJ,0.3,2009-2010,ME
07/01/09,2009,JUL,0.71,22.82,0.98,26.66,0.79,27.83,0.53,29.06,0.27,-0.848,0.72,,0.2,JJ,0.6,JJA,0.5,2009-2010,ME
08/01/09,2009,AUG,0.71,21.66,0.8,26.05,0.83,27.59,0.69,29.17,0.47,-1.309,0.62,,-0.2,JA,0.5,JAS,0.6,2009-2010,ME
09/01/09,2009,SEP,0.74,21.21,0.63,25.83,0.82,27.48,0.71,29.04,0.37,-1.687,1.03,,0.3,AS,0.4,ASO,0.7,2009-2010,ME
10/01/09,2009,OCT,0.69,21.12,0.25,25.84,0.75,27.69,0.92,29.54,0.86,-2.025,0.64,,-1.2,SO,0.6,SON,1,2009-2010,ME
11/01/09,2009,NOV,0.81,21.87,0.25,26.27,1.07,28.25,1.43,29.84,1.17,-2.418,0.19,0,-0.6,ON,1.2,OND,1.4,2009-2010,ME
12/01/09,2009,DEC,0.7,23.46,0.62,26.67,1.41,28.33,1.68,29.62,1.17,-2.571,0.04,-2.6,-0.7,ND,1.1,NDJ,1.6,2009-2010,ME
01/01/10,2010,JAN,0.74,24.52,0,26.73,1.06,28.1,1.53,29.39,1.16,-2.649,0.96,-2.1,-1.1,DJ,1,DJF,1.5,2010-2011,SL
02/01/10,2010,FEB,0.82,25.79,-0.3,27.12,0.74,27.92,1.19,29.01,0.92,-2.398,0.48,-2.3,-1.5,JF,1.3,JFM,1.2,2010-2011,SL
03/01/10,2010,MAR,0.9,26.5,-0.1,27.88,0.72,28.34,1.11,29.1,0.87,-2.127,1.68,-1.5,-0.7,FM,1.3,FMA,0.8,2010-2011,SL
04/01/10,2010,APR,0.89,26.35,0.62,28.12,0.55,28.4,0.59,29.21,0.7,-1.75,1.26,-0.3,1.2,MA,0.4,MAM,0.4,2010-2011,SL
05/01/10,2010,MAY,0.78,24.75,0.13,27.13,-0.09,27.77,-0.11,29,0.21,-1.548,-0.73,0.6,0.9,AM,-0.5,AMJ,-0.2,2010-2011,SL
06/01/10,2010,JUN,0.7,23.36,0.18,26.08,-0.56,27.16,-0.55,28.58,-0.26,-0.957,-0.1,1,0.4,MJ,-1.7,MJJ,-0.7,2010-2011,SL
07/01/10,2010,JUL,0.66,20.76,-1.07,25,-0.87,26.38,-0.92,28.13,-0.66,-0.564,0.89,0.8,1.8,JJ,-2.5,JJA,-1.1,2010-2011,SL
08/01/10,2010,AUG,0.66,19.93,-0.92,24.23,-0.99,25.69,-1.21,27.56,-1.13,-0.218,1.07,1,1.8,JA,-2.5,JAS,-1.4,2010-2011,SL
09/01/10,2010,SEP,0.62,19.23,-1.35,24.07,-0.94,25.46,-1.31,27.2,-1.47,0.113,1.07,1.3,2.2,AS,-2.4,ASO,-1.6,2010-2011,SL
10/01/10,2010,OCT,0.67,19.46,-1.41,23.72,-1.36,25.36,-1.41,27.33,-1.35,0.681,2.15,1.3,1.7,SO,-2.2,SON,-1.6,2010-2011,SL
11/01/10,2010,NOV,0.79,20.3,-1.32,23.95,-1.25,25.38,-1.44,27.24,-1.43,1.167,-0.81,1.5,1.3,ON,-2.1,OND,-1.6,2010-2011,SL
12/01/10,2010,DEC,0.52,21.64,-1.2,23.98,-1.29,25.44,-1.21,27.31,-1.14,1.53,-2.08,2.2,2.9,ND,-1.9,NDJ,-1.6,2010-2011,SL
01/01/11,2011,JAN,0.55,23.89,-0.62,24.4,-1.28,25.09,-1.48,27.04,-1.18,1.523,1,2,2.3,DJ,-1.9,DJF,-1.4,2011-2012,ML
02/01/11,2011,FEB,0.51,26.11,0.01,25.58,-0.8,25.55,-1.19,27.03,-1.07,1.577,-2.41,2.3,2.7,JF,-1.6,JFM,-1.2,2011-2012,ML
03/01/11,2011,MAR,0.67,26.1,-0.5,26.37,-0.8,26.4,-0.83,27.73,-0.5,1.546,0.38,1.7,2.5,FM,-1.8,FMA,-0.9,2011-2012,ML
04/01/11,2011,APR,0.65,25.61,-0.12,27.2,-0.37,27.05,-0.76,27.76,-0.75,1.271,-1.78,1.1,1.9,MA,-1.9,MAM,-0.7,2011-2012,ML
05/01/11,2011,MAY,0.55,24.78,0.16,26.94,-0.28,27.49,-0.39,28.37,-0.42,0.844,0.25,0.3,0.4,AM,-1.3,AMJ,-0.6,2011-2012,ML
06/01/11,2011,JUN,0.63,23.42,0.25,26.59,-0.05,27.4,-0.31,28.36,-0.49,0.675,0.35,-0.1,0.2,MJ,-1.1,MJJ,-0.4,2011-2012,ML
07/01/11,2011,JUL,0.72,22.12,0.29,25.88,0.01,27.11,-0.19,28.38,-0.4,0.387,-0.75,0,1,JJ,-0.9,JJA,-0.5,2011-2012,ML
08/01/11,2011,AUG,0.7,20.8,-0.06,24.88,-0.34,26.48,-0.42,28.46,-0.23,0.168,1.4,0.2,0.4,JA,-0.9,JAS,-0.6,2011-2012,ML
09/01/11,2011,SEP,0.6,19.88,-0.7,24.44,-0.57,26.09,-0.67,28.11,-0.57,-0.029,-0.39,0.2,1,AS,-1.2,ASO,-0.8,2011-2012,ML
10/01/11,2011,OCT,0.71,19.95,-0.93,24.35,-0.74,26.06,-0.71,27.99,-0.69,0.07,0.86,0.9,0.8,SO,-1.4,SON,-1,2011-2012,ML
11/01/11,2011,NOV,0.59,20.96,-0.67,24.18,-1.02,25.85,-0.98,27.87,-0.81,0.363,-0.76,0.8,1.1,ON,-1.3,OND,-1.1,2011-2012,ML
12/01/11,2011,DEC,0.61,22.18,-0.65,24.35,-0.92,25.66,-0.99,27.44,-1.01,0.844,0.06,1.5,2.5,ND,-1.2,NDJ,-1,2011-2012,ML
01/01/12,2012,JAN,0.48,23.91,-0.61,25.2,-0.48,25.91,-0.65,27.31,-0.92,1.082,0.13,1.7,1.1,DJ,-1.1,DJF,-0.9,2012-2013,N
02/01/12,2012,FEB,0.54,25.95,-0.15,26.13,-0.25,26.18,-0.55,27.47,-0.63,1.479,0.7,1.9,0.5,JF,-0.7,JFM,-0.7,2012-2013,N
03/01/12,2012,MAR,0.54,26.52,-0.08,27.04,-0.12,26.79,-0.44,27.55,-0.68,1.613,-0.19,0.9,0.7,FM,-0.6,FMA,-0.6,2012-2013,N
04/01/12,2012,APR,0.75,26.55,0.82,27.49,-0.09,27.29,-0.51,27.98,-0.53,1.596,-0.09,0.1,-0.3,MA,-0.5,MAM,-0.5,2012-2013,N
05/01/12,2012,MAY,0.75,25.42,0.81,27.26,0.05,27.69,-0.19,28.37,-0.42,1.191,-0.29,0,0,AM,-0.4,AMJ,-0.3,2012-2013,N
06/01/12,2012,JUN,0.66,24.49,1.31,27.19,0.55,27.95,0.24,28.5,-0.34,0.601,-0.42,0.1,-0.4,MJ,-0.1,MJJ,0,2012-2013,N
07/01/12,2012,JUL,0.63,22.13,0.3,26.47,0.6,27.57,0.27,28.54,-0.25,-0.046,-0.57,-0.8,0,JJ,0.4,JJA,0.3,2012-2013,N
08/01/12,2012,AUG,0.65,20.95,0.09,25.92,0.7,27.58,0.68,28.78,0.09,-0.718,-0.2,0.1,-0.2,JA,0,JAS,0.4,2012-2013,N
09/01/12,2012,SEP,0.75,21.13,0.55,25.41,0.4,27.2,0.44,28.8,0.12,-1.412,-0.39,-0.5,0.2,AS,-0.3,ASO,0.4,2012-2013,N
10/01/12,2012,OCT,0.78,20.42,-0.46,25.11,0.02,27.13,0.36,29.03,0.34,-1.74,-1.13,-0.4,0.3,SO,-0.2,SON,0.3,2012-2013,N
11/01/12,2012,NOV,0.79,21.52,-0.1,25.44,0.24,27.32,0.5,29.04,0.37,-1.626,-1.06,-0.2,0.3,ON,-0.2,OND,0.1,2012-2013,N
12/01/12,2012,DEC,0.56,22.39,-0.45,24.61,-0.65,26.18,-0.47,28.45,0.01,-1.515,-1.31,0.5,-0.6,ND,0,NDJ,-0.2,2012-2013,N
01/01/13,2013,JAN,0.7,24.37,-0.14,25,-0.67,26.09,-0.48,28.14,-0.08,-1.149,0.05,-0.3,-0.1,DJ,0,DJF,-0.4,2013-2014,N
02/01/13,2013,FEB,0.62,25.98,-0.11,25.83,-0.55,26.25,-0.48,28.19,0.09,-0.999,0.3,0.1,-0.2,JF,0,JFM,-0.4,2013-2014,N
03/01/13,2013,MAR,0.68,26.11,-0.49,27.2,0.04,27.02,-0.22,27.74,-0.49,-1.167,-0.26,-0.2,1.5,FM,-0.2,FMA,-0.3,2013-2014,N
04/01/13,2013,APR,0.57,24.65,-1.08,27.59,0.02,27.92,0.11,28.36,-0.15,-1.528,-1.76,0.6,0.2,MA,-0.4,MAM,-0.3,2013-2014,N
05/01/13,2013,MAY,0.66,23.24,-1.37,26.52,-0.69,27.58,-0.3,28.57,-0.22,-1.929,-0.24,0.6,0.8,AM,-0.9,AMJ,-0.4,2013-2014,N
06/01/13,2013,JUN,0.67,21.27,-1.9,25.84,-0.8,27.37,-0.34,28.57,-0.27,-2.379,-0.35,0.4,1.2,MJ,-1.1,MJJ,-0.4,2013-2014,N
07/01/13,2013,JUL,0.61,20.02,-1.81,25.3,-0.57,27.04,-0.26,28.61,-0.17,-2.398,-0.71,0.6,0.8,JJ,-0.8,JJA,-0.4,2013-2014,N
08/01/13,2013,AUG,0.7,19.83,-1.03,24.5,-0.72,26.43,-0.47,28.5,-0.19,-2.185,-0.06,0.8,0.2,JA,-0.5,JAS,-0.3,2013-2014,N
09/01/13,2013,SEP,0.77,19.81,-0.77,24.96,-0.05,26.82,0.05,28.74,0.06,-1.936,0.41,0.3,0.3,AS,-0.4,ASO,-0.3,2013-2014,N
10/01/13,2013,OCT,0.68,20.2,-0.67,25.04,-0.05,26.62,-0.15,28.8,0.12,-1.583,-0.21,0.1,-0.1,SO,-0.2,SON,-0.2,2013-2014,N
11/01/13,2013,NOV,0.81,20.98,-0.64,24.97,-0.23,26.73,-0.09,28.81,0.14,-1.043,-1.14,0.5,0.7,ON,-0.2,OND,-0.2,2013-2014,N
12/01/13,2013,DEC,0.72,22.83,-0.01,25.29,0.03,26.47,-0.18,28.15,-0.3,-1.077,-1.16,0.7,0.1,ND,-0.3,NDJ,-0.3,2013-2014,N
01/01/14,2014,JAN,0.74,24.71,0.19,25.47,-0.2,26.07,-0.49,27.91,-0.32,-1.358,0.59,0.2,1.4,DJ,-0.5,DJF,-0.4,2014-2015,WE
02/01/14,2014,FEB,0.57,25.18,-0.92,25.63,-0.75,25.89,-0.85,27.93,-0.16,-1.503,-1.57,0.2,0.1,JF,-0.4,JFM,-0.5,2014-2015,WE
03/01/14,2014,MAR,0.82,25.81,-0.79,27.11,-0.05,26.89,-0.34,28.28,0.05,-1.408,-0.5,-1.1,-0.9,FM,-0.2,FMA,-0.3,2014-2015,WE
04/01/14,2014,APR,0.85,25.38,-0.35,27.74,0.17,27.99,0.18,28.83,0.32,-1.483,0,-1,0.8,MA,-0.2,MAM,0,2014-2015,WE
05/01/14,2014,MAY,0.87,25.18,0.57,27.8,0.59,28.33,0.45,29.27,0.48,-1.122,-0.59,-0.1,0.5,AM,-0.3,AMJ,0.2,2014-2015,WE
06/01/14,2014,JUN,0.72,24.39,1.22,27.58,0.93,28.18,0.47,29.07,0.22,-0.636,-1.44,-0.7,0.2,MJ,0,MJJ,0.2,2014-2015,WE
07/01/14,2014,JUL,0.61,23.19,1.36,26.35,0.48,27.27,-0.03,28.83,0.04,-0.406,0.5,-0.2,-0.2,JJ,0.4,JJA,0.1,2014-2015,WE
08/01/14,2014,AUG,0.82,21.88,1.02,25.54,0.32,26.89,-0.01,28.97,0.28,-0.499,1.35,0.3,-0.7,JA,0.2,JAS,0.1,2014-2015,WE
09/01/14,2014,SEP,0.87,21.32,0.74,25.35,0.34,27.07,0.31,29.21,0.53,-0.813,0.78,0,-0.7,AS,-0.1,ASO,0.2,2014-2015,WE
10/01/14,2014,OCT,0.81,21.26,0.39,25.71,0.63,27.2,0.43,29.15,0.47,-1.238,1.14,-0.2,-0.6,SO,0,SON,0.5,2014-2015,WE
11/01/14,2014,NOV,0.68,22.36,0.74,26.08,0.88,27.57,0.75,29.4,0.73,-1.715,0.64,0.2,-0.9,ON,0.3,OND,0.6,2014-2015,WE
12/01/14,2014,DEC,0.79,22.73,-0.11,26.03,0.77,27.28,0.63,29.2,0.75,-2.117,0.37,0,-0.6,ND,0.3,NDJ,0.7,2014-2015,WE
01/01/15,2015,JAN,0.82,24.58,0.06,26.21,0.54,27.07,0.51,28.92,0.7,-2.476,0.14,0.1,-0.8,DJ,0.2,DJF,0.6,2015-2016,VSE
02/01/15,2015,FEB,0.89,25.53,-0.57,26.75,0.37,27.48,0.75,29.06,0.96,-2.435,0.49,-0.1,0.2,JF,0,JFM,0.5,2015-2016,VSE
03/01/15,2015,MAR,0.96,26.73,0.13,27.29,0.12,27.68,0.44,29.17,0.94,-1.984,-0.52,-1.9,-0.7,FM,0.1,FMA,0.5,2015-2016,VSE
04/01/15,2015,APR,0.8,26.69,0.96,28.33,0.76,28.63,0.82,29.62,1.1,-1.434,-0.39,-1,0,MA,0.5,MAM,0.7,2015-2016,VSE
05/01/15,2015,MAY,0.82,25.95,1.34,28.07,0.86,28.71,0.83,29.68,0.89,-0.702,-0.05,-0.9,-0.7,AM,1.2,AMJ,0.9,2015-2016,VSE
06/01/15,2015,JUN,0.87,25.09,1.91,27.9,1.26,28.73,1.02,29.74,0.9,-0.198,-0.07,-1.4,-0.6,MJ,1.7,MJJ,1.2,2015-2016,VSE
07/01/15,2015,JUL,0.76,24.31,2.48,27.58,1.71,28.56,1.26,29.68,0.89,0.1,0.29,-0.4,-1.1,JJ,1.7,JJA,1.5,2015-2016,VSE
08/01/15,2015,AUG,0.83,22.66,1.8,27.06,1.84,28.55,1.65,29.42,0.73,0.112,0.05,-1.5,-1.4,JA,1.9,JAS,1.9,2015-2016,VSE
09/01/15,2015,SEP,0.9,22.84,2.26,27.1,2.09,28.55,1.79,29.46,0.79,-0.139,-0.8,-1.7,-1.6,AS,2.1,ASO,2.2,2015-2016,VSE
10/01/15,2015,OCT,1.1,23.07,2.2,27.46,2.38,28.98,2.21,29.63,0.95,-0.404,2.12,-1.5,-1.7,SO,2.1,SON,2.4,2015-2016,VSE
11/01/15,2015,NOV,1.06,23.67,2.04,27.9,2.7,29.54,2.72,30.22,1.55,-0.676,-0.2,-1.5,-0.5,ON,1.9,OND,2.6,2015-2016,VSE
12/01/15,2015,DEC,1.13,24.94,2.1,27.84,2.57,29.03,2.39,29.84,1.4,-1.188,0.47,-2.7,-0.6,ND,1.9,NDJ,2.6,2015-2016,VSE
01/01/16,2016,JAN,1.22,25.72,1.21,28.16,2.49,29.04,2.47,29.49,1.26,-1.63,1.94,-2,-2.2,DJ,1.9,DJF,2.5,2016-2017,WL
02/01/16,2016,FEB,1.33,27.1,1.01,28.31,1.93,28.97,2.23,29.47,1.37,-1.802,1.68,-2.4,-2,JF,1.8,JFM,2.1,2016-2017,WL
03/01/16,2016,MAR,1.34,27.72,1.11,28.69,1.53,28.85,1.61,29.42,1.2,-1.946,0.41,-1.6,-0.1,FM,1.3,FMA,1.6,2016-2017,WL
04/01/16,2016,APR,1.14,26.18,0.45,28.27,0.7,28.79,0.98,29.26,0.75,-1.978,0.6,-0.9,-1.2,MA,1.2,MAM,0.9,2016-2017,WL
05/01/16,2016,MAY,0.99,25.06,0.44,27.18,-0.03,28.15,0.27,29.35,0.56,-1.763,-0.85,-0.2,0.4,AM,1.1,AMJ,0.4,2016-2017,WL
06/01/16,2016,JUN,0.83,23.54,0.37,26.62,-0.02,27.73,0.02,29.26,0.41,-1.441,-0.64,0.1,0.6,MJ,0.2,MJJ,-0.1,2016-2017,WL
07/01/16,2016,JUL,0.85,22.22,0.39,25.41,-0.47,26.88,-0.42,28.94,0.15,-0.968,0.53,0.4,0.4,JJ,-0.5,JJA,-0.4,2016-2017,WL
08/01/16,2016,AUG,0.96,21.26,0.4,24.79,-0.43,26.41,-0.49,28.69,-0.01,-0.508,-0.91,0.7,0.7,JA,-0.2,JAS,-0.5,2016-2017,WL
09/01/16,2016,SEP,0.92,21.17,0.59,24.91,-0.1,26.34,-0.43,28.51,-0.16,-0.101,0.11,0.7,1.2,AS,-0.3,ASO,-0.6,2016-2017,WL
10/01/16,2016,OCT,0.88,21.35,0.48,24.61,-0.48,26.07,-0.7,28.28,-0.4,0.324,1.53,0.9,-0.3,SO,-0.5,SON,-0.7,2016-2017,WL
11/01/16,2016,NOV,0.94,21.88,0.26,24.69,-0.51,26.18,-0.64,28.27,-0.41,0.69,1.44,1.2,-0.1,ON,-0.3,OND,-0.7,2016-2017,WL
12/01/16,2016,DEC,0.9,23.26,0.42,24.98,-0.28,26.31,-0.33,28.38,-0.06,1.097,-0.65,1.2,0.3,ND,-0.2,NDJ,-0.6,2016-2017,WL
01/01/17,2017,JAN,1.05,25.58,1.07,25.64,-0.03,26.3,-0.26,28.15,-0.07,1.447,-0.29,0.9,0.2,DJ,-0.2,DJF,-0.3,2017-2018,WL
02/01/17,2017,FEB,1.11,27.24,1.14,26.91,0.53,26.83,0.1,28.01,-0.09,1.465,-0.05,1.4,-0.1,JF,-0.2,JFM,-0.2,2017-2018,WL
03/01/17,2017,MAR,1.17,28.43,1.83,27.66,0.5,27.44,0.21,28.17,-0.06,1.268,-0.03,1.1,0.9,FM,-0.5,FMA,0.1,2017-2018,WL
04/01/17,2017,APR,0.97,26.5,0.77,28.13,0.56,28.17,0.36,28.62,0.11,0.592,0.14,0.4,-0.2,MA,-0.4,MAM,0.2,2017-2018,WL
05/01/17,2017,MAY,0.9,24.96,0.35,27.59,0.38,28.3,0.42,28.98,0.19,-0.267,-0.19,0.1,0.3,AM,-0.1,AMJ,0.3,2017-2018,WL
06/01/17,2017,JUN,0.77,23.15,-0.03,26.71,0.07,28.1,0.39,29.28,0.44,-1.15,1.18,0.6,-0.4,MJ,-0.6,MJJ,0.3,2017-2018,WL
07/01/17,2017,JUL,0.82,21.52,-0.32,26.02,0.15,27.58,0.28,29.02,0.23,-1.575,1.33,-0.6,0.8,JJ,-0.9,JJA,0.1,2017-2018,WL
08/01/17,2017,AUG,0.88,20.58,-0.28,25.23,0.02,26.85,-0.06,28.78,0.09,-1.925,0.2,0.2,0.5,JA,-0.9,JAS,-0.1,2017-2018,WL
09/01/17,2017,SEP,0.83,19.87,-0.71,24.5,-0.51,26.44,-0.32,28.59,-0.09,-1.847,-0.32,0.6,0.6,AS,-0.8,ASO,-0.4,2017-2018,WL
10/01/17,2017,OCT,0.92,19.8,-1.07,24.69,-0.39,26.4,-0.37,28.56,-0.13,-1.735,-0.28,0.6,0.9,SO,-0.6,SON,-0.7,2017-2018,WL
11/01/17,2017,NOV,0.91,20.5,-1.12,24.25,-0.95,25.91,-0.91,28.32,-0.35,-1.548,-1.98,0.9,0.9,ON,-0.5,OND,-0.8,2017-2018,WL
12/01/17,2017,DEC,0.98,21.62,-1.22,24.12,-1.14,25.72,-0.93,28.06,-0.39,-1.264,0.58,0.7,-0.1,ND,-0.7,NDJ,-1,2017-2018,WL
01/01/18,2018,JAN,0.82,23.78,-0.74,24.59,-1.09,25.87,-0.7,28.02,-0.2,-1.134,-0.14,1.7,1.1,DJ,-0.8,DJF,-0.9,2018-2019,WE
02/01/18,2018,FEB,0.89,25.61,-0.49,25.59,-0.79,26.06,-0.67,27.84,-0.26,-1.26,-1.67,0,-0.5,JF,-0.7,JFM,-0.9,2018-2019,WE
03/01/18,2018,MAR,0.93,25.85,-0.75,26.43,-0.73,26.5,-0.73,28.04,-0.18,-1.32,-1.16,0.5,1.5,FM,-0.9,FMA,-0.7,2018-2019,WE
04/01/18,2018,APR,0.89,24.89,-0.84,27.08,-0.49,27.31,-0.49,28.56,0.05,-1.65,-1.12,1.2,0.5,MA,-1.3,MAM,-0.5,2018-2019,WE
05/01/18,2018,MAY,0.81,24.07,-0.54,27.07,-0.15,27.77,-0.11,28.92,0.13,-1.978,-1.09,1,0.4,AM,-0.9,AMJ,-0.2,2018-2019,WE
06/01/18,2018,JUN,0.75,22.48,-0.69,26.82,0.18,27.86,0.15,29.08,0.24,-2.118,0.66,1,-0.1,MJ,-0.6,MJJ,0,2018-2019,WE
07/01/18,2018,JUL,0.8,21.54,-0.29,26.14,0.27,27.52,0.22,29.01,0.22,-2.089,-0.76,0.2,0.2,JJ,-0.3,JJA,0.1,2018-2019,WE
08/01/18,2018,AUG,0.75,20.67,-0.18,25.36,0.14,27.18,0.28,29.16,0.47,-2.159,1.24,0.3,-0.3,JA,0.1,JAS,0.2,2018-2019,WE
09/01/18,2018,SEP,0.81,20.6,0.02,25.29,0.28,27.1,0.33,29.13,0.46,-1.979,1.16,0.2,-0.9,AS,0.5,ASO,0.5,2018-2019,WE
10/01/18,2018,OCT,1.05,21.15,0.27,25.85,0.76,27.63,0.86,29.56,0.88,-1.89,0.39,0.3,0.4,SO,0.4,SON,0.8,2018-2019,WE
11/01/18,2018,NOV,0.83,22.4,0.78,26.12,0.92,27.69,0.86,29.46,0.79,-1.734,0.22,-0.5,-0.1,ON,0.2,OND,0.9,2018-2019,WE
12/01/18,2018,DEC,0.93,23.67,0.84,26.21,0.94,27.54,0.9,29.41,0.97,-1.7,0.56,-0.3,1,ND,0.1,NDJ,0.8,2018-2019,WE
01/01/19,2019,JAN,0.91,25.32,0.8,26.41,0.73,27.24,0.67,29.06,0.83,-1.725,0.42,-0.7,0,DJ,0,DJF,0.8,2019-2020,N
02/01/19,2019,FEB,0.91,26.77,0.67,27.09,0.71,27.44,0.71,28.94,0.85,-1.774,-1.73,-1.8,-1.4,JF,0.5,JFM,0.7,2019-2020,N
03/01/19,2019,MAR,1.16,27.11,0.5,27.95,0.79,28.21,0.97,29.09,0.87,-1.892,-0.05,-1.2,-0.3,FM,0.7,FMA,0.7,2019-2020,N
04/01/19,2019,APR,1.02,26.2,0.47,28.21,0.64,28.53,0.72,29.13,0.61,-2.226,-0.84,-0.8,0.1,MA,0.3,MAM,0.7,2019-2020,N
05/01/19,2019,MAY,0.9,24.76,0.15,27.87,0.66,28.63,0.75,29.41,0.62,-2.535,-0.17,-0.7,-0.4,AM,0.2,AMJ,0.5,2019-2020,N
06/01/19,2019,JUN,0.9,23.15,-0.03,27.07,0.42,28.31,0.6,29.53,0.69,-2.75,0.24,-0.3,-0.5,MJ,0.3,MJJ,0.5,2019-2020,N
07/01/19,2019,JUL,0.91,21.24,-0.59,25.93,0.06,27.72,0.42,29.51,0.73,-3.045,0.62,0.1,-0.4,JJ,0.2,JJA,0.3,2019-2020,N
08/01/19,2019,AUG,0.91,20.39,-0.47,25.11,-0.11,27.05,0.15,29.31,0.62,-3.344,1.16,0,-0.1,JA,0.3,JAS,0.1,2019-2020,N
09/01/19,2019,SEP,0.96,19.86,-0.72,24.8,-0.21,26.75,-0.01,29.25,0.57,-3.286,1.62,0.5,-1.2,AS,0.1,ASO,0.2,2019-2020,N
10/01/19,2019,OCT,1,19.94,-0.93,25.25,0.16,27.28,0.52,29.53,0.84,-3.001,-0.97,0.4,-0.4,SO,0.2,SON,0.4,2019-2020,N
11/01/19,2019,NOV,0.99,21.49,-0.13,25.57,0.37,27.28,0.46,29.4,0.73,-2.857,-0.07,-0.1,-0.8,ON,0.4,OND,0.5,2019-2020,N
12/01/19,2019,DEC,1.09,23.11,0.27,25.56,0.29,27.08,0.44,29.29,0.85,-2.549,-0.12,-0.2,-0.6,ND,0.4,NDJ,0.6,2019-2020,N
01/01/20,2020,JAN,1.13,24.49,-0.03,25.89,0.22,27.08,0.52,29.16,0.94,-2.208,-0.95,-0.7,0.2,DJ,0.2,DJF,0.5,2020-2021,ML
02/01/20,2020,FEB,1.19,26.24,0.14,26.48,0.1,27.09,0.35,28.98,0.88,-2.029,-0.07,-1.3,-0.1,JF,0.1,JFM,0.5,2020-2021,ML
03/01/20,2020,MAR,1.16,27.04,0.44,27.34,0.17,27.7,0.46,28.95,0.73,-1.811,-2.41,0.1,-0.1,FM,0.1,FMA,0.4,2020-2021,ML
04/01/20,2020,APR,1.13,26.01,0.28,27.96,0.39,28.22,0.41,29.04,0.53,-1.756,-1.38,0.7,0.2,MA,-0.1,MAM,0.2,2020-2021,ML
05/01/20,2020,MAY,0.99,24.33,-0.28,27.08,-0.13,27.67,-0.21,28.83,0.04,-1.891,0.27,0.7,0.4,AM,-0.4,AMJ,-0.1,2020-2021,ML
06/01/20,2020,JUN,0.92,22.31,-0.87,26.07,-0.57,27.44,-0.27,28.99,0.15,-1.855,0.86,1.1,-0.4,MJ,-0.9,MJJ,-0.3,2020-2021,ML
07/01/20,2020,JUL,0.9,20.83,-1.01,25.45,-0.42,27.15,-0.14,28.83,0.05,-1.72,1.2,0.8,0.4,JJ,-0.9,JJA,-0.4,2020-2021,ML
08/01/20,2020,AUG,0.89,20.17,-0.69,24.79,-0.43,26.38,-0.52,28.36,-0.34,-1.586,1.8,0.8,1.1,JA,-0.9,JAS,-0.6,2020-2021,ML
09/01/20,2020,SEP,0.97,19.82,-0.76,24.21,-0.8,26.12,-0.64,28.25,-0.43,-1.09,0.59,0.8,0.9,AS,-1.2,ASO,-0.9,2020-2021,ML
10/01/20,2020,OCT,0.9,20.12,-0.76,24.19,-0.9,25.64,-1.13,27.97,-0.71,-0.441,-1.08,1.1,0.5,SO,-1.2,SON,-1.2,2020-2021,ML
11/01/20,2020,NOV,1.05,20.95,-0.67,24.17,-1.03,25.59,-1.23,27.98,-0.7,0.165,0.21,1.2,0.7,ON,-1.1,OND,-1.3,2020-2021,ML
12/01/20,2020,DEC,0.83,21.98,-0.86,24.56,-0.7,25.66,-0.99,27.6,-0.85,0.571,1.28,1.8,1.8,ND,-1.2,NDJ,-1.2,2020-2021,ML
01/01/21,2021,JAN,0.83,23.78,-0.74,25.16,-0.51,25.67,-0.9,27.22,-1,0.701,-0.41,2.2,1.9,DJ,-1.2,DJF,-1.1,2021-2022,ML
02/01/21,2021,FEB,0.66,25.51,-0.58,25.67,-0.71,25.87,-0.87,27.23,-0.87,0.379,-0.71,1.1,1.5,JF,-0.9,JFM,-0.9,2021-2022,ML
03/01/21,2021,MAR,0.88,26.18,-0.42,26.69,-0.47,26.69,-0.55,27.81,-0.41,-0.007,-1.24,1.5,0.4,FM,-0.8,FMA,-0.8,2021-2022,ML
04/01/21,2021,APR,0.79,24.6,-1.13,26.81,-0.76,27.24,-0.57,28.33,-0.18,-0.422,-1.26,0.1,0.3,MA,-1,MAM,-0.7,2021-2022,ML
05/01/21,2021,MAY,0.81,23.78,-0.83,26.76,-0.45,27.56,-0.32,28.73,-0.06,-0.642,-1.1,0.2,0.5,AM,-1.2,AMJ,-0.5,2021-2022,ML
06/01/21,2021,JUN,0.85,23.12,-0.05,26.55,-0.09,27.67,-0.04,28.88,0.04,-0.817,0.82,0.8,0.4,MJ,-1.3,MJJ,-0.4,2021-2022,ML
07/01/21,2021,JUL,0.91,22.08,0.25,25.77,-0.1,27.11,-0.19,28.66,-0.13,-0.521,0.11,0.3,1.4,JJ,-1.5,JJA,-0.4,2021-2022,ML
08/01/21,2021,AUG,0.83,20.84,-0.01,25.02,-0.2,26.62,-0.28,28.62,-0.07,-0.19,0.93,1,0.6,JA,-1.3,JAS,-0.5,2021-2022,ML
09/01/21,2021,SEP,0.91,20.76,0.18,24.84,-0.17,26.49,-0.27,28.25,-0.42,-0.198,0.33,0.7,0.8,AS,-1.4,ASO,-0.7,2021-2022,ML
10/01/21,2021,OCT,0.99,20.58,-0.29,24.53,-0.56,26,-0.77,28.11,-0.57,-0.287,1.41,1.2,0.7,SO,-1.5,SON,-0.8,2021-2022,ML
11/01/21,2021,NOV,0.94,20.81,-0.81,24.43,-0.77,25.97,-0.85,27.99,-0.68,-0.451,0.68,1.4,1,ON,-1.4,OND,-1,2021-2022,ML
12/01/21,2021,DEC,0.86,21.31,-1.53,24.06,-1.21,25.6,-1.05,27.68,-0.76,-0.74,-2.85,1.1,1.5,ND,-1.2,NDJ,-1,2021-2022,ML
01/01/22,2022,JAN,0.92,23.82,-0.7,24.5,-1.17,25.73,-0.83,28,-0.22,-0.569,0.65,1.1,0.5,DJ,-1.1,DJF,-1,2022-2023,WL
02/01/22,2022,FEB,0.91,24.66,-1.43,25.32,-1.06,26.02,-0.71,27.87,-0.23,-0.517,0.58,1.6,1.1,JF,-1,JFM,-0.9,2022-2023,WL
03/01/22,2022,MAR,1.11,25.95,-0.66,26.46,-0.7,26.34,-0.89,27.58,-0.65,-0.574,-0.16,1.8,1.8,FM,-1.3,FMA,-1,2022-2023,WL
04/01/22,2022,APR,0.89,24.31,-1.42,26.68,-0.89,26.85,-0.95,27.79,-0.72,-0.601,-0.96,1.6,1.7,MA,-1.8,MAM,-1.1,2022-2023,WL
05/01/22,2022,MAY,0.86,23.2,-1.42,26.3,-0.92,26.83,-1.05,27.93,-0.86,-0.374,-0.64,1.5,1.4,AM,-1.9,AMJ,-1,2022-2023,WL
06/01/22,2022,JUN,0.89,21.77,-1.41,26.02,-0.62,27.03,-0.68,28.27,-0.57,-0.478,-0.22,1,1.7,MJ,-2.1,MJJ,-0.9,2022-2023,WL
07/01/22,2022,JUL,0.88,20.67,-1.16,25.51,-0.36,26.68,-0.62,27.9,-0.88,-0.313,1.96,0.8,0.8,JJ,-2.1,JJA,-0.8,2022-2023,WL
08/01/22,2022,AUG,0.92,20.29,-0.57,24.69,-0.53,25.92,-0.98,27.76,-0.93,-0.28,0.76,1.2,1,JA,-1.8,JAS,-0.9,2022-2023,WL
09/01/22,2022,SEP,0.89,19.46,-1.12,24.21,-0.8,25.83,-0.93,27.67,-1.01,-0.133,0.13,1.2,1.6,AS,-1.8,ASO,-1,2022-2023,WL
10/01/22,2022,OCT,0.96,19.06,-1.81,24.17,-0.92,25.92,-0.85,27.6,-1.08,0.123,0.35,1.2,1.7,SO,-1.7,SON,-1,2022-2023,WL
11/01/22,2022,NOV,0.75,20.27,-1.36,24.31,-0.89,25.89,-0.93,27.77,-0.9,0.135,-0.71,1.3,0.3,ON,-1.5,OND,-0.9,2022-2023,WL
12/01/22,2022,DEC,0.84,22.54,-0.3,24.48,-0.78,25.81,-0.84,27.71,-0.73,-0.82,-0.96,1.7,2.1,ND,-1.2,NDJ,-0.8,2022-2023,WL
01/01/23,2023,JAN,0.87,24.27,-0.24,25.17,-0.5,25.88,-0.69,27.62,-0.6,-0.79,-0.37,1.8,1.4,DJ,-1.1,DJF,-0.7,2023-2024,
02/01/23,2023,FEB,1,26.8,0.71,26.25,-0.13,26.29,-0.44,27.58,-0.52,-0.99,-1.15,1.4,1.4,JF,-0.8,JFM,-0.4,2023-2024,
03/01/23,2023,MAR,1.23,28.12,1.52,27.52,0.36,27.23,-0.01,28.09,-0.14,-0.89,-1.89,1.4,0.2,FM,-0.7,FMA,-0.1,2023-2024,
04/01/23,2023,APR,0.98,28.18,2.45,28.02,0.44,27.99,0.19,28.81,0.3,-1.24,-0.65,0.6,0.2,MA,-0.4,MAM,0.2,2023-2024,
05/01/23,2023,MAY,0.96,26.63,2.02,28.11,0.9,28.35,0.47,29.12,0.33,-1.26,-0.67,-0.2,-1,AM,-0.1,AMJ,0.5,2023-2024,
06/01/23,2023,JUN,1.05,25.81,2.63,27.85,1.21,28.59,0.88,29.48,0.64,-1.38,0.84,-0.3,0.3,MJ,0.2,MJJ,0.8,2023-2024,